Season,Team_Code,Game_Number,Home_Away,Opponent,GF,GA,Points,F_count,D_count,G_count,F_cost,D_cost,G_cost,Total_injuries,LowerBody_Count,UpperBody_Count,Players_Out,Opp_Players_Out,Money_InStands,Opp_Money_InStands,5v5_CF,5v5_CA,5v5_SF,5v5_SA,Playoffs_Bin,Playoffs
2021,TOR,29,Home,COL,1.5330937932859400,4.48631254857393,101,13,5,3,28650021.127461200,16523218.043018000,9887368.760291730,3,2,1,3,3,551446.8519549680,1879806.4011958100,54.43377075450540,67.57114831086010,25.06796215118750,32.41665265548390,1,Yes
2018,COL,47,Away,LAK,2.7484619945392800,4.067088281512620,116,10,6,3,28343534.70964200,32350435.35264360,7876043.260854000,1,0,5,4,3,1246349.1250830900,582734.8859026780,50.001035143496900,66.99728630064020,30.10056092297530,37.8199074928853,1,Yes
2022,CHI,68,Home,CHI,2.9440324549059700,3.0643370671307700,85,10,7,3,31855680.27501130,19568779.149685900,13332459.202544500,2,3,3,4,5,732264.0224303410,1730962.3405317200,53.473702417907500,53.44482620107010,20.609930957055100,29.923518522022300,0,No
2019,TOR,76,Away,CHI,1.55757683046917,1.690922727859930,84,13,5,2,56432106.83879250,22976126.858306000,13758789.33891700,7,1,1,5,1,774384.388943127,556546.085634006,57.119937369423700,48.23237894907050,22.636207469949200,36.4944632815384,1,Yes
2021,LAK,45,Away,COL,2.279439626235100,3.9941205431571300,69,14,7,3,41896593.61518900,25387851.57655170,8104904.018675870,6,0,1,4,0,1047571.3500389000,1050754.438542530,53.06767474038130,51.79511303692790,37.73179192337890,28.04312763687940,1,Yes
2017,COL,2,Home,CHI,3.780869469366410,3.296935524531630,118,12,7,2,49356215.08007480,37700377.23437440,17771086.21837210,1,5,3,6,2,1148655.7500747500,1313449.9634316200,52.44540550904790,51.63292985589250,35.033595340628500,22.04788925586350,0,No
2021,NYR,27,Away,BOS,1.9113291171870000,1.8447989911787000,104,14,7,3,33862350.39266190,21064456.65184560,6263965.492337770,5,4,0,0,0,1434758.6367982800,722151.1979406910,61.9817024623992,48.60600624948380,28.457368181181700,21.230114729172800,0,No
2022,NYR,36,Home,BOS,3.1059303943577700,1.7815718544700700,78,12,7,2,36308630.82660900,17282720.063616800,10341396.277496300,8,1,5,1,5,611642.6276577730,1619470.7188536200,60.57628825259390,48.057388129989,30.343007245677500,21.02668742647360,0,No
2019,COL,36,Home,COL,2.1456056160517100,4.228880458309780,70,13,5,3,25022623.145490100,22967240.09976310,15205766.206437800,3,5,3,6,6,1255537.641856170,512532.0562582080,64.99813846107540,65.83188809439160,27.399977719199500,27.603002839153400,0,No
2018,LAK,26,Home,LAK,1.5363623239316800,3.5076007888142400,72,10,5,2,26851798.312866800,17616899.263388300,9111805.45728801,8,5,4,6,3,773937.6953796520,752898.5726510550,47.49876943718490,42.09585762053990,34.81559734321350,26.74475501671680,0,No
2022,COL,43,Home,TOR,2.2236043727986200,3.9878603979502700,112,10,5,3,53094262.193045800,18214912.149013800,17415127.921719100,1,5,2,3,1,1360962.762547610,1371195.2447802100,58.28585529262190,60.32833546298780,35.68374358464160,34.35874047245140,0,No
2022,CHI,27,Away,NYR,4.427621264730160,4.136936700846800,67,14,7,2,43393545.26755530,29346264.949375700,16098017.399006100,1,5,3,0,1,1456106.9183917800,1571581.3430559400,57.555843561785600,45.18460154369360,35.26570380406320,34.856430031697300,1,Yes
2017,CHI,69,Home,TOR,3.9046113356489700,3.2153170561449700,99,10,7,3,33501298.635352800,16522548.327487300,16835342.668222000,8,5,1,5,2,1335063.884829280,1874964.6540408700,51.09213432618070,50.335176801821900,34.452234496689000,21.017079376674800,1,Yes
2020,NYR,20,Away,CHI,4.3787299329631,3.052339055265120,63,13,7,3,52114048.35982180,15773272.034839200,6786598.038150740,6,1,1,7,1,1607443.2657174600,1558244.9779019400,54.581726257080400,41.84629102404510,24.090086773855900,24.4224652577803,1,Yes
2019,TOR,11,Away,NYR,2.9635621317790900,2.7912822309629700,106,14,5,2,29860796.225519300,32860352.536762400,7108206.919933140,6,3,3,3,5,1003413.866361350,1507668.9053823000,49.413464299171900,48.09920910566390,26.759399584809600,25.485237003178000,1,Yes
2016,LAK,74,Away,COL,1.8292085960325100,2.4508397633733600,90,12,7,3,59041307.94400820,24041177.371026100,9297106.066168750,0,2,2,0,5,1647659.8874497000,1091511.7195260000,44.255331928509600,63.052632133517300,29.3969086996735,30.952239682856200,1,Yes
2022,NYR,38,Away,COL,3.1438784669210800,2.8037878825761400,87,10,6,2,33792704.30984680,18134383.730846800,12771157.477963400,5,5,3,4,5,1149150.6225622900,501926.6382902020,46.41403631988200,66.55045973641780,26.615859828553100,22.890304478139000,1,Yes
2020,TOR,6,Home,LAK,2.8631320036798800,3.821638967190470,70,11,7,2,33492438.166049100,21340319.271492700,16220241.150491000,6,5,2,5,1,1226276.7474839000,680238.888103433,43.16540939203600,46.64581455707100,35.09880400316660,22.678824388000000,0,No
2016,TOR,72,Home,NYR,4.033071248218850,3.305770293045400,102,10,6,3,32476476.22146820,31052162.683810000,17547963.361413600,5,2,2,7,1,1472153.1908916100,1301831.8171340600,60.49208725570370,53.906435177767700,26.587070484999100,38.87577778415920,0,No
2019,CHI,23,Away,BOS,1.7942477423527300,4.177569869864540,60,12,7,2,24884460.63697150,21888414.17852130,15565029.739357700,5,1,4,5,5,527537.575998836,1512694.8287666300,59.821821793274500,54.10972143811620,22.764641735706700,36.08405814595560,0,No
2015,BOS,47,Away,NYR,2.9647234110653300,2.830140043137560,108,14,5,3,24445485.893280500,27363028.1280102,18928953.222959600,1,0,5,7,1,1480991.3321303700,1126172.4258446900,68.51819114739620,66.20725917279200,27.980809040966100,23.613098041823400,1,Yes
2020,BOS,46,Home,CHI,1.9501459940819500,3.321268736156260,106,12,7,3,45924201.381364900,18042382.66816680,16081152.644239000,5,4,1,7,7,1427877.723608170,1596018.5172925900,61.89035240941720,62.883971586274200,39.59828865564760,28.13135615810980,1,Yes
2023,COL,12,Away,BOS,2.47402778067018,3.393922659275970,111,11,6,2,55004721.78232190,29702340.940136200,9594018.305069220,3,4,1,3,1,964770.6751299200,1282793.4429982700,41.561375162683900,55.392316551041500,24.517628258671500,27.112439985151300,0,No
2015,CHI,13,Home,COL,3.712071232163400,3.2750914869189800,97,13,6,3,51620820.41086690,22901942.096081600,8976219.26507859,8,0,2,4,7,628691.4273492340,611264.2933914680,66.52735521786860,60.1224160141532,32.24317317886460,35.820081481308100,0,No
2017,TOR,62,Away,NYR,2.9280543881063000,3.607901319256550,83,10,7,2,25644303.760854000,30674210.863217900,15442886.754516300,0,1,1,3,3,636403.1748695620,788024.3764519230,65.88025488837180,65.42065161728100,28.659460996794100,30.204258329562400,0,No
2021,LAK,82,Home,TOR,2.627664855437310,2.212300405124420,113,14,6,2,41823284.87168270,35209872.05760060,7893058.530344210,7,4,0,7,0,1884835.6204778400,1759997.3348659100,53.29960962318100,40.28616862076640,21.42049135298650,22.55699473986930,0,No
2018,BOS,60,Away,LAK,2.6834288357101100,3.037091332637370,119,13,6,3,24223661.8390656,30291160.48474980,6390722.162154050,4,2,2,7,4,1533918.9818387600,1587369.1199366600,57.57589151583770,52.08670093150150,29.75753211996120,34.77984126312490,0,No
2023,TOR,43,Away,TOR,2.87834030521796,1.812674408425040,116,12,5,3,21811785.744523100,22393689.064875500,12983343.122842900,0,0,1,2,7,690653.9206561110,1842142.9805187400,69.28234997417560,67.21729501831240,34.04328657296630,27.93775956449840,1,Yes
2017,BOS,76,Home,LAK,3.8550496315111700,2.6535339829344400,106,14,7,2,46255434.375390700,21393592.53870750,17324623.54668430,3,3,0,0,7,1035084.7539633600,676335.8736814050,55.969130915445000,62.209390925318500,30.264399516556400,25.25848495264290,1,Yes
2019,BOS,68,Away,CHI,4.176254066820700,2.9630012058637900,90,13,7,2,41406093.34721400,23185523.9683362,6520697.637047950,0,1,4,2,1,1388724.4908523900,1985333.801922610,67.1596548512827,56.28524123002220,37.44212127493160,27.5099724404144,1,Yes
2017,BOS,5,Away,TOR,4.366004059511790,3.4566727786364200,100,14,7,3,23280947.408458800,19115512.83091260,16878369.856935900,5,0,1,0,4,1753357.557635970,814110.0709249000,42.49116273430560,55.889335811054,25.778740333151700,29.955131272137900,0,No
2021,LAK,37,Home,NYR,3.8607101587658900,4.351593157758610,105,11,6,3,21397569.85623950,19529296.2712505,17173580.06527320,1,4,0,1,6,565491.3930695130,517669.814429963,45.731556061260500,50.43310292813310,21.724983426079300,26.86231032834020,1,Yes
2019,CHI,72,Away,NYR,2.446220687244040,3.3019531996450700,109,11,7,3,59590256.536373400,34767277.547504200,12234110.001223200,4,1,3,6,4,854949.6972050130,1996134.4085803300,53.22264830323950,55.615616009245400,38.731312233160100,24.838115451835200,0,No
2023,LAK,31,Home,TOR,3.5644041182596300,3.7307817485296800,85,10,7,3,21200853.285962900,24618314.412686100,5859654.650157300,6,2,5,5,3,1834623.48544307,921610.8281676700,57.542704250119100,59.6614959839036,27.56392699056440,27.970040576079600,1,Yes
2021,NYR,9,Home,NYR,2.8128093721661800,3.0187981784856100,108,10,5,2,37781130.12200640,25899879.514264600,7618847.768707800,1,1,3,3,7,513748.32527572500,1502029.17876884,64.48683555588400,52.55089115286380,31.52811102907270,20.383458214998000,0,No
2016,TOR,51,Away,CHI,2.2640118661381500,3.4023120941289900,109,11,5,3,40184760.984307800,29851236.639170300,15611394.127429000,5,1,0,1,1,802098.6541908310,765023.4712644580,69.6478634542956,61.42459439176520,35.84006252260390,35.44995692192630,0,No
2018,CHI,29,Away,BOS,4.022614738277770,1.7127966484013200,64,14,5,2,24691205.912017800,29741337.37878870,15676669.174864200,5,2,2,1,5,1938536.263959450,1370342.7982987100,51.665544894223500,65.83696681781160,26.48627327751160,23.418897871351700,1,Yes
2023,CHI,78,Away,CHI,1.6152790468869700,2.263174742525540,79,11,6,2,26762471.13758870,16684421.788048100,18475329.12751500,4,5,2,5,4,1420102.7697832600,1856052.479681840,41.42246908420260,44.64054544554580,34.32329076355220,20.878092272612700,1,Yes
2016,CHI,40,Away,LAK,4.20528597640627,2.585559279615420,111,10,7,3,34072200.2564141,35788519.65844160,13740292.198318700,4,2,1,5,1,892507.0499562600,980271.751142658,64.03514509885970,53.54641068452270,22.70837699635660,33.07397385810160,1,Yes
2023,CHI,41,Away,CHI,2.8844323938742000,2.9174800650195400,100,11,5,2,50467035.04854650,19433163.830598500,6861610.515706660,2,1,3,0,2,600486.6415937710,1505380.9640665400,58.13142157248420,52.24060273855240,25.825874944110100,35.478722576473400,1,Yes
2019,LAK,11,Away,LAK,3.411604430424840,1.6369462365071500,70,11,5,3,40283296.962410700,33076790.90124170,6821223.582574580,9,2,2,2,6,542287.0106708330,781855.3831976250,45.95628576604610,60.623944121491800,22.894212722730400,36.27658263185690,1,Yes
2016,CHI,23,Away,NYR,3.478061766617350,1.920072292659950,115,14,5,2,45516074.982118500,34316774.70320420,15816985.360352400,9,5,2,4,5,867117.6194553910,1437193.098078090,54.8448536986426,47.49602395773790,36.22461116802720,29.870183653212,0,No
2018,COL,1,Home,BOS,4.185353222119610,2.3304429233739200,113,13,7,3,59406982.20362700,32872488.35228280,7756769.976618520,1,0,3,0,2,1822228.7293833700,1004675.5277262700,62.26930736601170,59.207527448568300,24.45298470453570,24.107363693799700,1,Yes
2021,TOR,46,Away,NYR,3.4100090465016200,4.414598072703150,92,10,7,2,50720217.41252840,29474441.16385360,9925782.49424908,6,2,4,4,2,1123870.4814462600,816812.3878819280,63.112353612059300,66.32467725194460,34.34807110810420,34.744553544996500,1,Yes
2022,CHI,21,Home,COL,3.341800754280190,2.4940410213091500,109,14,7,2,37374459.92564870,15365224.927722100,12308180.103828700,0,2,2,1,4,1580500.0537489900,969773.0760554530,54.98855235996290,52.54394799380870,38.86596794491310,33.99426154308670,0,No
2017,TOR,36,Away,NYR,1.69995612168207,2.9461231743362500,97,11,6,3,37857676.87186200,24009387.309079300,5371473.163642270,5,1,5,4,2,1877427.5530699400,768261.602761699,49.15643590386580,67.3304709993766,30.55544418137750,24.925414682063500,1,Yes
2015,COL,54,Away,LAK,3.0552240658356100,2.088293138215180,86,11,6,3,44750883.0816402,30120985.73406450,8732285.405298980,5,0,0,2,3,1112060.692404230,1852874.1617568200,69.2122774611548,69.79491216800440,30.800583845213800,38.06815511725590,0,No
2018,COL,57,Home,NYR,1.950507002451130,3.3323402132273000,93,13,5,2,46614608.33675620,24686282.398063500,11118344.1276092,2,3,1,0,3,786916.0565560960,1095780.3294756900,59.90087832869480,43.18276149843860,29.220671361956200,22.08742916165660,1,Yes
2016,TOR,1,Away,NYR,3.7123013061644600,2.342049646547920,74,10,7,2,40028437.03346690,36586997.372820300,9194544.777398100,1,3,2,7,4,1275676.8962853800,867918.9574615510,52.24712558038900,46.99159563954580,26.517802867872900,39.65376479182650,1,Yes
2022,BOS,63,Away,BOS,3.0366657624380200,2.1209777353152800,91,10,5,3,45794448.9125992,22720056.883740400,7045554.912013490,1,4,5,5,1,1862125.5305897800,1172611.7615239000,48.41389672613960,68.5113925444628,29.513100618498300,37.204956219549300,0,No
2018,NYR,54,Home,NYR,3.54068333762506,3.0497178853379400,117,12,7,2,20941299.77656400,22338369.81146650,15920183.86694300,8,2,5,7,0,1706561.6212065500,980804.2502097430,61.933089490106900,68.7498305944416,32.05615064533520,33.757972909581500,1,Yes
2016,BOS,55,Away,BOS,1.6250187018071500,1.5165173974812600,80,10,7,3,37184914.55587380,21649942.327316400,17197214.827519800,4,2,2,2,1,598744.7650447310,1616628.8807199900,47.26550336781300,42.93121826160280,39.719831443413200,38.77499776559670,1,Yes
2020,BOS,40,Away,TOR,1.7543760481374100,1.522992097947680,105,13,7,2,31157523.04293910,23319521.72401990,8862184.642155870,6,0,4,6,1,1538859.2001163700,1956829.8678282400,45.151299669210600,40.4499550113141,38.75529118636450,34.44622336647420,1,Yes
2020,LAK,15,Away,COL,3.6489701641880500,2.1572064273055700,64,12,6,3,25166977.809724400,28935124.10785470,16616292.41909460,4,5,0,2,1,1357846.2836884300,1157050.4850464700,55.895016668862100,44.83300069769270,37.243059165862400,23.809139940600900,1,Yes
2018,BOS,21,Home,BOS,1.71625300799602,1.6101640875024600,65,12,6,2,23981860.512351000,32675382.35681480,10783303.466019700,6,3,1,6,1,1861194.7645196400,1791550.0999583600,48.699621779324300,69.88038350146750,37.78261071409720,28.843122762256200,0,No
2020,CHI,47,Away,LAK,1.7137701832957800,1.8240772623920700,97,11,7,3,44127686.6245867,31564197.94346960,12600286.862810000,3,4,2,0,5,683722.1252754460,1348794.6103394300,58.86715434770850,45.3999884983206,29.356983665840900,21.43006048663270,0,No
2016,LAK,73,Away,TOR,1.5363254257046600,2.516581948016260,81,11,5,3,40944021.88610450,35192945.49953700,17840016.12339730,7,0,1,5,0,1301054.169806990,735853.4976413500,43.53816024622700,55.0764282016607,33.148886543549300,27.79314844576230,1,Yes
2016,LAK,53,Away,BOS,4.3695041948984400,3.9077570387394400,77,10,7,2,30143364.679854800,37147849.88743560,16249305.227036100,9,2,3,2,5,1819194.0402678400,1535934.1131220100,59.648233137019600,65.45253179291530,37.901334458724300,34.832060394744200,1,Yes
2018,COL,9,Away,BOS,3.7125250783770200,3.2161459301079000,73,12,7,3,38838002.35090060,35401976.05858380,17076752.769742700,9,3,5,7,2,1115035.6801126100,1270151.7456887300,48.498895839931100,40.61204832064620,27.85901529982710,27.72886701861640,0,No
2022,BOS,74,Home,COL,2.5597542255061900,3.0380031778692500,69,11,5,2,39689292.60729630,15473635.084358900,7052677.498795350,6,4,5,6,6,1222992.3765993000,1475909.7848781600,40.00728803303540,58.13466946775380,39.235249566909400,26.605883509362700,0,No
2021,COL,52,Home,LAK,2.3896067438629700,2.380466469624370,105,13,7,3,27800359.217544600,33397948.83879970,6045791.387505940,9,1,2,5,1,605691.0165004370,1834531.1188575000,43.80808173022530,48.31076346608870,28.31572124138370,31.907114450206200,1,Yes
2023,TOR,57,Away,CHI,2.5491096892375500,4.295261158298450,72,11,5,3,46083722.475266000,20209989.34045830,18401070.936319800,4,3,2,3,6,917215.4606733660,1160651.8559840700,68.00846133505280,65.87004749319200,32.02165330786430,37.4440905799779,0,No
2022,NYR,26,Away,CHI,3.8239605935435500,2.691045123711580,90,11,6,3,51236774.25544360,18323201.067699600,10817514.043566400,5,4,3,3,3,986759.973753421,1851766.4348260300,66.02063917346070,48.503834477922400,34.19609426544740,20.951663850922200,0,No
2019,LAK,41,Home,BOS,3.484111833211240,1.7612783003873100,89,12,6,2,51658541.635580800,30962219.619978400,9318195.171045210,4,0,4,3,4,1917683.6731173300,1626003.5214224800,47.008270961087100,60.602671608457300,39.01184026151880,27.709408693994700,0,No
2016,TOR,35,Home,NYR,2.055586703602400,3.351199548353400,62,12,5,3,44098793.2281382,22993579.885192400,15870443.813927400,6,1,2,4,4,924001.0408117390,1232907.3888169800,63.35115713636470,60.226588973421900,24.892325481045300,23.164814836305300,0,No
2019,TOR,63,Away,LAK,2.022328006002250,1.8415151804298000,89,14,6,2,40465543.30076060,16427929.084261100,17546233.94869790,1,4,5,2,5,1191303.102904480,1404833.2034869500,58.257147795219200,46.6448064657892,34.922619564772800,33.907085014637400,1,Yes
2022,CHI,25,Home,TOR,1.795186949140190,2.5356694284050800,65,13,6,3,22440285.720215800,18440743.359959000,17937344.328474500,4,4,1,0,5,1506956.6353464200,988371.6987785170,69.12714134349610,41.043975996050500,30.416311722881600,22.1144912086227,0,No
2023,NYR,75,Away,NYR,3.4809081591040100,3.022235816153430,88,12,5,2,31513251.954064200,15023235.421749000,9739957.11687841,9,2,0,7,3,743275.058611816,1975395.9496081600,51.20816978602180,52.27748721356190,25.37114281241280,33.296155171604900,1,Yes
2023,TOR,38,Home,NYR,3.793117986665210,4.122667574055530,67,10,6,2,23730857.871126800,37580590.68361770,17783185.86802510,2,5,1,0,1,1229663.5807128100,1501026.744575590,60.443818375515100,48.675794558976100,35.53213679592780,25.723617415958100,1,Yes
2015,TOR,2,Home,LAK,2.2951392849750100,2.9806397410203600,103,13,7,2,58552926.43513900,15615449.596031000,5614009.1656151800,8,3,4,4,6,1607808.5592138600,565770.2787449450,41.90607167271760,64.26933248841130,31.04444560347690,23.978336274744500,0,No
2023,NYR,7,Home,BOS,1.5628348830927400,3.6067762980949900,104,13,7,3,25403205.849030400,20236394.237737800,5744922.371895780,5,2,0,0,7,1800282.8195406000,989932.8586220130,51.887420404492200,64.01092565366040,33.219476412993500,38.727051156499700,1,Yes
2021,NYR,82,Home,BOS,1.7465150024292800,4.478450516997210,102,12,5,2,26071016.394044100,25406569.517197700,14352787.927612300,9,1,1,6,6,1439388.91199364,1434971.6506385900,68.91452983564540,53.71071856577880,26.45802137155800,20.37049153491910,1,Yes
2023,TOR,34,Away,BOS,4.4035801045350900,1.894467359693950,103,13,6,3,55583064.73321970,23914283.148770500,5946595.536733190,2,5,1,3,0,1503580.2729754200,584499.9166988600,56.169426233503600,58.19536675969660,29.6254790365521,28.75554543779140,0,No
2022,NYR,17,Home,BOS,2.386334332432260,2.3241945765585600,92,12,7,2,57757131.33905830,37793146.92281940,9869137.527652420,6,4,3,7,2,689425.2088768540,535826.2869787140,48.63638510004530,58.12778547960780,32.347085019761300,20.432539849235900,0,No
2015,TOR,43,Home,CHI,3.807669443514400,2.6837282267929400,76,11,7,2,50633161.56939640,16007223.643363600,15091339.79370390,3,2,4,2,4,1918664.7458695200,1175036.359291700,43.60812889385820,64.8147444528287,28.09821628539690,29.67186096208660,0,No
2022,TOR,59,Away,BOS,3.3739907065627900,2.765484535616490,107,14,6,2,20216196.946906800,27805367.69192630,10059003.440813400,2,5,5,0,2,698861.1162267240,999035.269539005,61.10585020544590,52.750072423695900,23.967450796954000,30.020947555888400,1,Yes
2022,CHI,51,Home,CHI,2.6458189189586900,2.7330632257966400,70,11,6,2,20053850.838262500,32011986.56310940,7693996.721601440,7,3,3,0,0,1662009.4057727000,1157447.912049750,59.345681302891800,48.26340039371530,39.23280984630610,26.43324942789490,1,Yes
2017,BOS,54,Home,CHI,2.117061786586670,4.2228330076696600,72,12,7,3,35124030.79149800,38292449.34202920,9220259.327807620,3,1,0,1,5,897224.4826674780,894039.9648200080,51.21816140811320,47.95104754421640,30.229350800852300,22.643235550500500,1,Yes
2015,TOR,24,Away,BOS,1.8641592544782200,3.6420979334005700,109,12,7,2,25735814.8004357,30509281.303093000,11863629.983756500,0,0,5,1,6,1900389.7155518800,747076.6204144710,68.52824055597500,56.08576837846610,34.67840740575400,27.527750754689500,1,Yes
2022,COL,25,Home,COL,3.3450389041166,3.323715642272110,70,11,5,2,20735445.686063900,35093880.900294100,12130787.830332200,5,2,3,1,4,1579939.3090542200,1533715.0354705100,40.66608438963550,53.47444608196640,28.22094387112120,33.445258798651300,0,No
2017,LAK,71,Away,TOR,3.823901341913360,2.428118153588350,90,10,5,3,38562667.57618020,17093123.44613370,16745003.47020800,9,1,4,2,2,1630720.5694675500,1271856.6744017000,49.11171554895480,53.203623129548100,27.102635280514300,35.64791617288920,1,Yes
2017,BOS,52,Away,NYR,3.431712760623390,3.971371152663880,87,10,7,2,57722475.896278900,24648487.773423200,16252298.441472700,0,0,2,3,7,828588.759589825,800231.3168740500,67.63208458898740,42.73412017269120,28.1432859693425,30.615012047762800,0,No
2015,BOS,70,Away,CHI,3.090906399747480,4.365181534454970,103,10,5,2,32952782.996097300,24348678.361976700,11852267.068342000,4,2,2,5,5,1164559.9649527400,979384.1393899980,49.62806314958320,61.558112220705900,28.183932875713000,31.796687888795100,0,No
2019,BOS,33,Away,LAK,1.6258536702949100,3.9635948476506800,65,12,7,2,46445627.13714790,37157205.41139290,17685010.23648160,6,1,0,3,0,1426719.7918839300,1387711.861494990,47.56758501565510,46.41210063945730,30.88360231883910,24.012327422493100,0,No
2021,CHI,49,Home,LAK,4.405466332783150,1.5046953155744200,100,13,7,2,46089414.12529760,18784279.281581900,6713557.078870940,5,1,2,7,7,1654960.4273099000,608344.0224087170,56.02661229793740,45.90860890626160,30.869397399627300,25.74660666455300,0,No
2023,TOR,29,Away,TOR,3.896142574963720,3.4092041105502200,75,12,5,3,30043204.14660670,18797154.308415800,8830300.253433520,1,5,3,3,2,655939.0638685840,721179.5138992690,64.71405249761610,52.3827496083218,29.943076317657400,23.23791220104720,1,Yes
2021,CHI,63,Home,LAK,2.3784661101028900,1.6534061443263000,63,13,5,3,46017009.952954600,23213953.74714500,17419646.952533800,3,2,0,2,7,1943547.9746817900,609868.4061610850,43.09440282635080,46.833350248534000,22.695715698348800,24.985907000092200,0,No
2023,TOR,22,Home,COL,4.4399109880765500,2.2728216610011700,94,11,6,2,28493358.97147570,16361651.184170900,10669910.579392300,1,1,5,6,6,1835331.005831830,1718475.9990711800,68.29062128937210,57.51574801924050,29.921509570010600,24.497735604510600,1,Yes
2022,CHI,26,Home,LAK,3.3056447689089700,1.678574101043320,119,14,6,3,24880296.54307560,19561451.016312300,19717723.38190760,0,4,4,6,1,905522.8857433770,1628613.8498180100,63.85218643543490,51.143900180034100,23.38207800841300,30.38897572782480,0,No
2016,CHI,28,Home,NYR,3.2472679746217400,3.3113863588481600,107,13,6,3,48055331.42238760,39130240.96364340,11993799.22291750,2,2,0,2,7,1734140.364548500,1629969.3978188900,45.43750766654660,53.467351677783700,22.522715725915300,31.253775115814600,0,No
2015,LAK,49,Home,NYR,3.744219538288600,3.5597697404778200,115,10,7,2,24537632.68415670,25704598.49667930,16879034.34445650,2,1,5,1,5,1277485.8845597400,1574488.015214040,61.360238835944900,56.11507964812090,38.65291434682340,38.89894841643010,0,No
2021,COL,71,Home,CHI,3.9353093642704100,1.8434629141977200,118,12,5,3,59876368.74357420,30800480.21056090,11034605.620735600,6,5,0,0,0,1192709.722343030,1504078.1355048000,51.54876167912670,46.10606567445410,32.099000262954100,23.91141294203050,1,Yes
2021,CHI,81,Home,BOS,3.469435821994510,2.6515166491349400,85,11,7,2,27338096.04600920,33152781.483615900,11374302.785936500,0,0,1,4,2,971651.1587171080,1215487.8730672600,52.06884034228960,44.67254868596590,33.18980116249170,32.83351420322990,0,No
2022,LAK,49,Home,COL,1.8842872390986,2.868709526866630,116,10,5,3,43765674.5102583,24174035.17518000,10743247.209262800,8,0,1,4,6,1371452.8799473900,1463417.2452606700,63.49870277316600,66.41265708620810,28.035873406667300,36.34518537975050,0,No
2019,NYR,20,Home,CHI,2.514802517983500,2.6071590652827500,71,11,7,3,36454982.856503600,18680676.860262900,15786134.307662200,5,4,0,5,1,1594833.6765554000,557542.332181962,68.88354423942200,53.01171108494260,38.17961783829730,31.20482927566110,0,No
2017,COL,63,Home,COL,4.284250920978150,1.863075001455580,70,14,6,3,25055456.896226700,20164525.40554450,13212768.260899900,3,2,2,0,1,1116399.3574441400,1432196.633985180,43.79967618541580,52.362808288976200,32.75860979159330,25.100073050021500,0,No
2022,CHI,61,Away,BOS,2.1738468355315600,2.756843370562430,96,12,6,2,21113756.303096500,22831661.91451530,19156671.670525500,2,5,1,5,0,1443828.7895124400,1666816.5583053200,52.61890710636460,41.06836450818530,35.38339739047180,25.251004600400000,1,Yes
2020,BOS,49,Away,LAK,2.61650107151254,3.7535341434252500,84,12,6,3,44909291.291713300,30901710.50880560,8763354.748011570,2,1,4,1,3,1548969.3817329600,1250537.5405765900,54.42824824252910,54.939289077621800,27.371249380554300,20.78506106142,1,Yes
2017,NYR,71,Away,LAK,2.796230648832590,1.7130229935997700,77,14,7,2,52270302.55156500,24957013.72722640,6508440.981251670,1,1,5,5,6,1566682.7255229300,1036269.9926408600,51.28935450864990,56.625091648330000,39.20023761638250,26.108884530969600,0,No
2015,NYR,1,Home,BOS,2.8182149690833600,1.7405400422457100,78,12,5,2,53680626.46026980,15170367.447503200,10898922.276488200,1,0,3,0,6,577949.1471967700,916140.1022014690,50.89567371148680,56.765226128640000,36.4092258031663,34.8920735800676,0,No
2017,LAK,13,Away,CHI,3.3388187474835800,2.5643138755079500,82,13,5,3,39308538.92307740,28085179.626686800,14250690.61470160,9,5,1,7,4,1789621.7085276000,1464203.0752431200,41.568060026847900,61.21093507968650,37.078969260290900,20.950355144142200,1,Yes
2019,NYR,51,Away,BOS,4.329227513234120,4.325177134856780,114,11,6,2,51098218.68729540,38037834.797685400,17911984.053732400,4,4,0,0,0,1187379.9721475700,1539201.797944860,60.566158616878700,45.32445504973040,23.443885348515100,24.385905650096600,1,Yes
2017,COL,56,Away,TOR,2.2220781354975100,3.505717940168740,97,10,6,3,46913885.33954180,35301940.275217000,10192953.300204900,8,0,2,4,1,893624.1225443220,1806451.399793810,53.08643251360140,47.56669402691860,25.41926415742440,34.12464997063560,1,Yes
2015,CHI,62,Home,NYR,1.8645041289027500,3.5360098700176900,113,14,6,2,48970181.09996530,35630284.28149080,14806801.266866900,1,0,3,6,1,862646.7612195220,1013501.1236914900,45.8438140793178,64.32191395691240,25.71253199367150,35.65303125645750,0,No
2019,CHI,32,Home,CHI,2.0924114695798100,2.585759972513600,77,13,6,2,39703960.208872600,34876450.44015330,10252980.215348300,1,4,5,1,7,1224521.1692659300,1654658.4610783800,64.48100506906210,68.41511850530180,25.418184464937400,29.106368201238600,1,Yes
2021,BOS,30,Home,COL,4.160774700627810,3.280982373625620,85,10,5,3,45336469.609685100,23093270.640260600,14258293.744916900,5,2,5,7,0,1830247.309203440,1342033.7362840100,64.07682244454880,44.07798242101960,37.10816324208580,33.96148676957300,0,No
2021,LAK,29,Home,TOR,3.437432437965620,1.5303935520832300,65,10,7,3,52221036.54304230,34129845.8438598,18272119.205459800,9,1,1,2,3,1067521.3725239700,1824254.7360171200,54.59174884266680,54.92948663515650,20.637695904171800,27.75904337309780,1,Yes
2023,BOS,49,Away,CHI,2.3577203677174800,3.4082881392286300,63,14,7,3,35915367.022280900,18579033.945279800,8470364.633891140,1,2,5,7,4,1624588.620175320,1291718.162443430,48.95351983443280,46.42528758218760,21.521999779615500,23.19826490048260,1,Yes
2017,NYR,45,Away,BOS,3.9478408169058500,4.23986084272871,103,13,7,3,52239156.03470340,31442903.681898800,11063624.631605600,3,5,5,7,2,645228.0964808280,1276444.7425969500,59.142781773893600,41.80219505064950,25.478297412598100,27.96298987045810,0,No
2021,BOS,30,Away,BOS,4.084109989090310,3.3377204050344600,110,10,7,2,43680673.711562500,31039214.16712490,19898977.9464462,5,3,2,5,0,1214085.0532265900,1366815.6221613600,48.644564073322100,49.76510014378410,23.997459492988900,31.599356404062900,1,Yes
2015,COL,16,Away,BOS,4.039543016070830,4.121095780399040,88,10,6,2,26636040.97483150,15639244.977243400,18028355.42374190,4,3,2,4,4,1987529.2105891000,1623973.0327136500,47.080237909711400,44.31062875552640,24.63719227765700,38.96106563705780,0,No
2018,CHI,40,Home,BOS,4.256779600918660,3.6719191663982800,118,13,6,2,20987366.288983400,34699253.33977330,13469597.868443000,0,3,2,5,6,1655656.7041885100,1947035.7182426900,61.9154396207898,61.29799220302740,35.958863785066,21.375019041773500,1,Yes
2018,NYR,19,Home,COL,2.256723060520090,1.8616752492110700,93,12,6,3,34510144.01596610,37581202.62737830,12749413.877814100,5,4,0,5,4,815792.7326609200,610345.0313236490,41.20975719162850,56.011762410143300,31.26253187784090,30.147881876899200,0,No
2019,BOS,18,Home,TOR,3.7651257862388300,4.207359921857530,76,10,7,2,41867853.131853600,21685381.96180270,9269005.734570220,0,0,5,2,7,1252162.210546870,580151.9035865260,42.84305413103780,44.315034129709300,20.11541322585940,26.57839556421450,1,Yes
2021,LAK,1,Away,LAK,2.88161849182242,1.6993315330673200,102,11,6,3,53592814.088139500,35309768.104653800,12758141.415402900,2,2,5,1,5,850437.1454728500,1906325.5061110100,40.20364522070770,40.27724765216540,28.586455314083900,30.16623388553390,1,Yes
2021,COL,78,Home,NYR,4.025995658670190,3.1019024176432900,102,13,6,2,25099427.205609800,17060149.296548700,17722722.474199200,9,1,5,0,1,1114341.3908937600,1294813.438277310,44.58829559426280,64.24471147072640,28.157698537007200,20.479508947530600,0,No
2018,COL,47,Home,COL,3.6854720314848400,1.926411371380370,112,10,5,3,52008253.907343200,29999196.456526700,15277617.699166700,4,3,4,3,7,1670126.035602450,1422354.521850400,42.069700261313800,45.28583218492740,22.27890538889090,26.260507094031600,0,No
2021,BOS,66,Away,COL,3.829342339499170,1.5351198321927100,75,14,5,2,54520361.842689100,27141171.63335690,9350660.422669800,9,2,2,5,2,1656837.2229356100,1223635.4023920900,69.87407103339760,58.18649926662300,33.52283577202910,36.3973629505401,0,No
2017,CHI,38,Away,LAK,3.4684855130432100,2.766102780382920,61,11,6,2,26027499.480033400,28648088.332725,8021958.815802990,4,3,3,3,0,842150.5668535780,640486.1789112120,48.664299098622700,50.107657392302400,34.04194376758980,31.07883467709280,0,No
2020,BOS,51,Home,LAK,2.0322863084091200,2.3851221229624700,93,10,5,3,54063772.77216880,38155130.04710860,8978128.054952440,9,3,1,1,7,1883334.9772322900,1652134.0676280000,44.47804038007740,57.564578149451100,34.41786438104200,29.011649856322300,1,Yes
2016,NYR,63,Home,NYR,3.135080756690820,2.958001481392810,114,11,5,2,59658142.71371170,36782881.181171300,7546388.0208924000,5,1,3,3,1,1388852.2741472400,1620836.9676328800,47.22988773987750,49.46960880946970,34.56941891117180,25.710501434306800,1,Yes
2023,BOS,4,Home,NYR,4.454009218573530,3.2315996602036500,67,11,6,3,49073553.2419295,34627091.43099390,6434610.44035574,9,5,0,5,5,1069886.4364430200,967554.982239218,68.08376714620400,42.60818682076760,20.001056538645900,25.960850455827100,1,Yes
2019,COL,1,Home,LAK,4.312164199491360,1.6312172169268400,72,12,6,2,51390787.27299950,21842461.441959300,11287042.616630800,7,5,0,2,7,1252903.371171290,959358.8678426010,55.60480669073190,46.68850025673260,39.078416076934400,27.66202867181170,1,Yes
2020,BOS,8,Home,BOS,1.629521207391040,1.869009885371240,101,11,6,2,59776610.70235490,37795465.71715230,6699494.065974020,4,5,5,3,5,1407606.8801566200,1756762.0713582800,50.944542889235700,45.641756994372300,36.28417534109330,36.711414199291200,1,Yes
2018,CHI,29,Home,COL,1.9944444471883100,3.175927189351280,67,12,6,3,44219250.02103780,17437692.31159690,7578688.365906570,0,4,3,1,7,1339835.797768680,608535.8866119900,66.20174373727660,52.840580573189300,38.07963393178570,39.344264136165400,1,Yes
2021,LAK,55,Away,CHI,1.8951863203636900,2.5295020595179700,89,13,7,3,32315455.280650000,36333230.413969700,13209870.265092300,4,0,5,1,1,1229607.5533042700,1821657.7225348500,51.84970811647100,59.74851350278470,20.312865906148700,28.77310762700750,0,No
2023,TOR,3,Away,NYR,3.6779397299558900,3.6875204626483400,91,12,7,2,53501233.36304220,23204001.808840200,7468989.105493620,2,4,4,6,3,1257399.2061341000,884992.5348438720,50.050257098730900,47.91418224839070,38.677175915714800,27.867056774955200,1,Yes
2021,BOS,32,Away,NYR,3.9533559895708400,3.456874945775820,95,14,6,2,44579431.10046530,16344307.791549600,5958196.5114635400,3,2,0,6,4,764617.8656418290,1389477.121633240,46.21847567649210,40.362098059018500,36.1957705737621,36.93101551639730,1,Yes
2015,CHI,10,Home,LAK,2.1405340989320200,4.036813088969720,106,10,5,2,43247816.948838300,31733924.606018700,9760832.750418280,7,4,0,2,0,1719099.356457020,1903991.2685026700,51.333904717282300,55.56812092794270,36.744382859174000,28.538106412726100,0,No
2015,CHI,74,Away,TOR,3.0175580788554900,3.577478480007680,89,13,6,2,30145422.22056150,20781998.207898900,8304786.479329510,6,2,3,3,0,1312640.479911520,1517183.7523049700,49.50053068050780,58.17278468076920,21.86574769443940,31.040363445913000,1,Yes
2023,LAK,34,Home,CHI,4.0221090840336,2.789793232170440,60,13,6,2,50253370.783315500,21089278.1466158,12729577.81991570,4,2,0,3,0,696619.7925570550,1121644.718700560,60.31911877894420,68.88611482005430,34.77556057837200,24.618833291974900,1,Yes
2023,COL,55,Home,CHI,3.6984046342987500,3.518899867183300,102,14,5,2,23266691.03440390,22651179.155719300,6535506.26874814,1,0,4,6,1,1649235.652374170,1534301.3133581200,48.68748114012180,57.684124092797400,39.19833379284180,34.870050715581500,1,Yes
2018,CHI,32,Away,NYR,3.1267116164755400,2.3261435227662600,98,12,7,3,56971482.831786400,16592119.187562900,16276561.815244700,5,1,4,0,6,1898665.9675660300,1015969.4544745600,57.31599239267680,54.135176781344300,33.57094682836320,30.63976636541560,0,No
2023,CHI,50,Home,BOS,3.271043071376320,2.418940496334640,76,10,6,3,33032938.43081940,19428178.60495640,18593502.79152710,5,0,4,4,3,1920960.348855440,915887.6245237790,41.97676495095920,57.202048776931100,31.41122809249210,36.18069100480680,0,No
2017,CHI,7,Home,TOR,3.02508164074884,3.86695547976238,118,12,6,3,25110986.111599600,15128490.689639000,16151527.609342900,9,5,1,1,2,1053526.598616760,1995024.9169020200,45.73867470089540,67.83701889586080,38.91259355497990,35.614654600573400,1,Yes
2021,CHI,8,Away,CHI,2.392645353956460,2.8392585492047500,79,11,7,2,37694661.324096800,26135238.02764470,12992405.561020900,9,5,4,0,5,703275.3103411310,1626185.3467696800,52.22215814834050,64.85134436804940,28.858742434688700,24.300095365400600,0,No
2020,NYR,65,Away,NYR,3.1950659785770500,3.8951410215550600,83,12,7,2,21698796.370261300,17106384.435449300,17910017.326833300,5,4,4,1,1,1277599.4399496000,1467079.9660727300,68.10847761726090,49.68936200091420,31.985871326209600,34.31271101115530,1,Yes
2022,NYR,57,Away,CHI,3.566655906150270,3.967267121004840,109,13,5,2,47385047.77059870,32066315.126105000,15423775.696722600,8,2,1,7,6,668913.8440238310,1032934.4648289800,51.31755957147090,47.117630909714100,29.526765869887300,36.001088159027400,1,Yes
2023,COL,67,Home,TOR,4.119968747582420,4.0726870129838500,81,10,7,3,56108220.41781430,20890571.27979120,5158266.836752850,7,3,5,7,2,1900981.1277689300,573741.2437325720,59.922223635995000,47.879008370982200,38.656924427206000,26.9221448156479,1,Yes
2019,BOS,59,Away,TOR,3.4088740619377400,4.249905707523620,88,12,7,3,53490520.28554040,38589353.60087940,10911352.291617500,7,3,2,0,5,775369.441032719,546585.3140527330,47.65261667264200,55.13263119145640,21.521694535310100,23.45218225804550,0,No
2015,CHI,72,Away,COL,3.783364611129470,2.7929556615398900,81,10,7,2,25094778.937915200,36781290.68496630,17764278.491102000,0,2,0,7,5,879148.7899267460,1331271.8831732000,43.81100727919700,62.321483536857300,30.022394016507000,20.052643111591800,1,Yes
2017,LAK,54,Home,LAK,1.980214904863720,2.4566004549634200,103,10,5,2,25050845.484309300,22236022.374205200,10187882.869629000,4,0,4,6,3,1109954.7903274600,1643049.0815585800,41.7560980024015,55.09657621548890,33.739048827708800,29.018073061863000,1,Yes
2022,BOS,67,Away,LAK,2.88467242325937,3.246596239782340,68,11,7,3,52537379.29297060,34580386.36641700,5528227.602882850,6,1,0,6,4,1074746.7028386900,1306068.7856657800,49.16240495628250,42.03389187484340,35.838130768444700,27.04865463077680,1,Yes
2020,LAK,51,Away,NYR,1.52799485948128,2.6135172703128800,96,11,7,3,56970170.98412460,35081122.61662020,16192694.578284100,5,0,3,4,0,1691994.3385968300,1761177.607908670,44.72983080390720,61.70742101319940,31.660372948882700,31.098196676508200,1,Yes
2022,BOS,8,Away,TOR,2.240036593564870,3.303222500400700,69,13,5,3,38426793.193339600,39664077.852860300,17030574.05424300,4,2,0,0,7,1184475.2308264400,550139.7996398330,45.22031344048370,64.17910386012860,38.178354882429100,23.760821851775700,1,Yes
2023,COL,34,Home,COL,3.6793851453390100,3.616757587931470,95,14,7,2,39958844.676550600,29945999.671142100,7408905.425649630,7,2,5,1,2,756152.3900050050,1050128.1146389100,62.8227792516085,48.68493595359160,38.83982893767740,37.1933109533295,0,No
2018,CHI,35,Home,COL,4.47542985404809,3.5652150554764100,96,10,7,2,32730481.655429000,17049143.366091600,13060107.452647700,2,1,1,3,1,900814.8432291110,855605.586761267,40.47514212834620,59.92377217850050,21.28638446387170,25.155104312562200,1,Yes
2015,CHI,78,Home,CHI,1.7975342987616500,2.623658661060360,87,14,5,2,55770604.73025660,31170930.723159500,7879331.584935890,5,4,0,1,2,1263670.077781280,1170909.452235680,56.73430377206300,52.797757031631800,28.047410790827500,24.528592101753,0,No
2015,TOR,32,Home,CHI,2.7044829475838600,2.0005806050962600,87,13,6,3,45796116.21169420,30624493.70940090,15788516.285662200,4,4,0,5,4,721180.8761392020,608564.5897911840,51.38384141780390,66.67358067182330,20.469180434423100,29.614281129687100,1,Yes
2018,LAK,46,Away,COL,3.9002129060974800,2.7915880153866200,101,10,5,3,31530063.08669470,30958764.435510800,9073256.827662290,7,1,0,6,0,1417483.513469020,1931197.4623566100,55.19649999725640,65.3567667448222,26.588333147488900,29.977020474885500,0,No
2021,BOS,16,Home,CHI,2.1121069038867000,1.9277824322457300,102,10,7,2,31951314.842170100,22678641.20260530,9743226.838449950,3,4,2,2,2,1348620.9598267200,834883.1016040410,56.884907116438100,55.76295994928930,30.73736435941200,24.301704575701900,1,Yes
2016,BOS,68,Home,TOR,3.1652548479068600,4.170291105551430,80,14,7,2,55648002.92254410,36491989.62700830,17674562.80460150,7,3,2,2,4,1572053.4745733900,1883461.6632253800,49.401030833718300,60.74516637440780,38.21589861019900,25.437214534518300,1,Yes
2017,NYR,37,Away,BOS,3.6992138880890200,2.5376323822135700,83,12,7,3,20545360.956232900,38986804.5738853,12144835.283103600,9,4,3,6,1,1906556.9230690500,1138839.7325550200,48.85326580552860,66.50049103066310,36.931086449308100,23.3941047831049,0,No
2015,TOR,54,Away,TOR,3.347956350780540,1.9633792416699700,101,11,5,2,32909062.909065500,20442812.82445380,15046316.768273700,1,4,1,5,3,1868381.8416517300,1978286.199882830,62.00205548004720,54.87151030234830,22.549994533439700,34.369203566463300,0,No
2019,NYR,14,Away,COL,2.0640742038462500,1.5763432797172500,119,12,7,3,42174267.24865480,17203803.953416100,11035595.760837000,8,4,0,2,6,1919113.427103250,1331087.5751903200,66.13830964363470,49.39752221466470,21.860607494817900,35.401780625081600,1,Yes
2015,NYR,55,Home,COL,2.5661537060572200,3.4374671588594500,99,14,7,3,25928698.483973000,19863375.829212100,9470102.85790633,8,3,0,7,5,867073.3955355510,1896249.2962637100,45.77744897375580,62.60998413728740,31.78534677513330,29.246569949185700,0,No
2022,NYR,48,Home,TOR,3.8513753534561900,3.4107069523642300,61,11,5,2,23683950.16798360,35513803.48139300,14382170.90636990,9,4,0,6,1,697347.9599590320,508023.48304133400,42.928562816054500,46.60198764354080,30.642359449175700,34.28174045370040,0,No
2015,LAK,82,Home,CHI,3.1626795423960500,2.521812499743880,114,12,6,3,52611053.2436224,31916115.870496200,7322863.611182320,9,5,0,2,0,953415.0507446730,1622358.2092713500,66.93387419176080,51.65593444018130,25.327552828600500,34.71870783874890,1,Yes
2015,LAK,7,Away,CHI,1.515688840628740,1.715135666542950,67,11,6,2,55776175.54594030,30901183.558478200,10594997.533502900,5,3,2,6,5,1842627.759149470,1854575.9796537700,50.49686390942200,65.97181711320380,37.98906169107670,22.765510553556200,1,Yes
2016,COL,74,Away,LAK,3.7829722800842800,2.728886684685700,107,10,7,3,52944256.831927600,25044828.37773560,8135555.5607888300,3,1,5,4,6,1958080.2119352300,709580.8504684310,56.539521719884400,61.732670208079500,38.54732818923110,39.32356049669070,1,Yes
2016,COL,7,Home,COL,1.6059340648207200,2.433652485190180,86,12,5,3,55951515.58949390,29445699.28778590,15436924.504111200,3,0,5,3,1,1788987.426605710,644188.7775982270,50.786294335600100,52.11433015742500,28.052228766803300,36.42063894192860,1,Yes
2020,NYR,33,Away,NYR,3.7372013481937000,3.531361919205030,81,11,7,2,42124478.84233490,22696853.131859200,19163132.575191600,5,1,3,3,7,665026.5816913150,1136858.9107789300,43.77407009038150,46.44233507225070,37.806051142270400,24.08966922391650,1,Yes
2021,TOR,23,Away,LAK,2.1074416804957100,3.317337748358070,96,11,5,3,52490324.839613700,26930001.98544900,19932664.520238000,4,0,4,1,1,1921141.9970896900,1900518.3591994000,57.67994934843180,50.679051724967100,27.678977885259500,23.723300714921400,0,No
2019,BOS,19,Away,CHI,4.37422044035814,2.59378118459262,86,11,5,2,35361705.53564400,34826575.709266400,11754152.15662390,5,1,1,5,1,1135037.041026180,1313579.8402856600,55.75422555308890,48.52312447682300,34.736336636594000,22.513222911591700,1,Yes
2015,LAK,19,Home,TOR,2.6038222539062500,2.15367766276497,116,12,6,2,46650714.45916150,39531039.936386600,8787955.844546670,6,5,5,6,7,513965.43614353100,1291184.6955826000,46.089806775735900,45.282678638315600,29.51884435095450,22.76757125083840,0,No
2015,TOR,36,Away,CHI,2.480794849014240,4.464107898466780,88,13,6,3,59553421.25556660,38312223.089745000,11642440.555764900,6,0,0,0,1,1163590.6111222900,711689.1774489830,53.556071339568300,62.2999874069697,22.45166313014370,34.96323598057390,1,Yes
2017,CHI,29,Away,TOR,1.946664150997330,2.8620048635883400,62,12,5,2,29029108.9535651,38346648.57115620,17709041.14944090,8,0,5,1,5,569103.7545132010,501184.26663982800,63.908425120469400,47.56209660550520,38.55868402474040,29.393085139032500,1,Yes
2016,LAK,60,Home,LAK,2.4168126464706400,3.5648227073407100,103,14,7,2,35595989.85164320,25055593.37117780,8090085.1782806000,7,2,3,1,0,1315816.8817416800,1715210.1361181900,57.71278309323670,53.625024105032900,29.081931867550700,35.65868345479730,0,No
2019,LAK,82,Home,COL,4.129952285484600,1.9216589027350800,72,12,6,2,39201895.09240340,26719747.012669800,19281434.774793900,5,0,4,6,6,1007831.0411555800,631361.8444793570,42.907519812009800,51.57578340508330,34.68974080644810,34.92509788700410,1,Yes
2020,COL,2,Away,CHI,4.489003012881740,2.956769098978190,104,11,7,2,25520619.48080210,32640884.90922450,10127986.531972300,5,0,5,6,4,1210152.4003910700,1450774.728102990,56.44064491687410,69.46232135906890,27.343476288625800,32.09225427010440,0,No
2021,BOS,1,Away,TOR,2.604928591520550,1.5826101596084000,69,10,6,2,23241544.418602300,38054798.20128210,19787054.891754600,4,2,3,1,2,1419755.5411146800,1871924.6817727900,61.082148978687600,51.73276732444660,20.377617571524700,33.72733213157360,0,No
2018,BOS,47,Home,COL,2.845831892863630,3.01636535373135,95,12,6,2,53188914.65286500,18549856.483802100,17579133.313009400,0,4,2,1,7,1803201.6437267300,812977.8697376470,63.78110217342250,42.399474483902600,22.010607173836700,20.367114487582800,0,No
2021,CHI,69,Home,NYR,3.666212814608210,4.392052221353110,68,12,7,3,59071774.91310350,22606046.595679900,17128558.012210900,8,4,4,3,3,1492852.364707890,1497909.254355370,58.873527359028,42.694772577162500,29.924389589798500,26.23555293610040,1,Yes
2022,CHI,20,Away,TOR,4.158587341395220,2.652620138957400,113,11,6,2,36189002.55318640,18481171.114852700,9768570.106599260,8,2,3,0,7,1151073.302717270,618047.8650612640,44.57974493622350,57.72261164059190,33.79928714252730,32.7564435851882,1,Yes
2015,LAK,11,Away,LAK,3.2791330025603500,1.6169880377247300,115,10,6,3,23505993.44778610,30300213.248986400,5131658.179218940,8,3,5,7,6,1729141.7805055500,1405632.7157564200,61.30519799770480,57.98090655214800,26.69470653158560,20.186899069724900,1,Yes
2020,NYR,2,Away,NYR,2.674577094533490,1.5928673727580300,114,10,7,3,22632470.42762310,22657524.92218840,10731993.632389800,7,0,2,1,2,1858373.2063597000,745897.5814298040,60.32025538244550,52.56276971447970,33.90976918355300,20.65953887365190,1,Yes
2022,COL,67,Away,NYR,2.7378655225458700,2.6639602798406100,86,14,6,2,55652728.25441200,23152696.312814300,9527140.544940410,9,0,3,7,2,679639.9496482960,1603930.340772770,40.732806488219,52.95531076936090,33.97271178863910,37.03775964940770,1,Yes
2019,COL,12,Home,BOS,3.5868544394904200,1.9800748093895800,93,12,6,3,38552569.9891072,16772898.987199500,5560954.85613196,2,2,3,3,3,1297899.4663291900,951846.9421908620,52.35243002770730,41.617977485226100,34.07871814655660,33.680497233841400,1,Yes
2018,LAK,20,Away,CHI,1.509654790812840,1.5700562889845600,110,10,6,3,32801092.662495700,23744901.545189800,12580478.847588900,0,2,5,1,6,926767.9396136660,1195086.5132069700,49.9885074088712,55.496395311677900,29.850437080410200,25.307394662406900,0,No
2016,TOR,5,Away,TOR,3.358768012379520,3.7686408418505300,60,10,7,2,39058450.84957600,36562412.68503960,11045469.669241000,7,3,4,2,5,570591.7968154210,1399145.8130414300,60.082361927609300,55.14218426141060,38.29772300243010,33.75925680237420,1,Yes
2020,NYR,37,Home,NYR,2.5664790313240700,2.875569026645670,91,13,5,2,32732163.78769390,20826820.297270900,14518347.016122900,6,5,2,1,0,1502820.042670980,756910.1159993590,46.48407436932760,44.48647955670830,29.783930359612300,35.84913338278530,1,Yes
2020,LAK,38,Away,BOS,3.8825919938312500,2.3677343159179600,84,13,7,2,39561431.0123048,32379686.65525160,14317794.832911200,4,4,0,6,3,1794156.1661888400,1612456.7279264300,57.726157689227800,43.115181583327800,29.005303869932800,26.135885662202000,1,Yes
2015,NYR,9,Home,LAK,1.7789719194694000,4.200249549049440,88,10,5,3,54382255.87671750,30740708.623464800,6811199.538450200,9,1,1,5,0,744353.981716091,953960.5109552220,67.39617885442520,43.707174717984700,23.98761638021250,20.72074754998380,1,Yes
2023,NYR,53,Away,COL,3.2646068008451700,1.8484168806015800,66,14,6,3,43692054.842483800,36587115.20922790,19654483.191899300,6,5,4,5,5,1718620.4864358500,1493557.7898691300,63.934071166258200,43.030847394737800,26.15310174712670,38.65558249375470,0,No
2020,NYR,44,Away,TOR,2.942918669658370,4.367756486865960,108,10,5,2,47786150.91240700,18307198.691276000,7803971.441621700,9,4,2,1,2,1780093.6003054100,737424.5760490600,67.64373208649590,58.29124586610280,20.84668985036610,26.90359676591260,0,No
2017,LAK,24,Home,NYR,3.426976577715680,2.4419001521320600,62,11,7,2,34586827.04937350,39439749.00862610,11679110.371470600,3,0,3,4,0,1871510.6639997300,1532176.4888095300,69.3551790079807,45.89447957208760,32.6707058723234,22.129635265694100,0,No
2018,COL,81,Home,CHI,1.694560783448910,4.165211016926040,79,12,7,3,49540235.14042080,29565716.15100910,12321763.151506000,8,5,2,2,5,897927.6336290790,692282.1092156930,40.32010381018490,47.54290456562390,24.97071487854190,29.83713742786300,0,No
2018,COL,74,Away,BOS,3.239951362284390,3.3088286294383800,79,14,6,3,46664683.39517490,39886853.80867040,17195941.958211800,9,2,1,0,5,1855929.597784830,1138034.7444049800,58.682238291324300,45.20716432454320,26.083105089709300,35.369355913282700,0,No
2017,NYR,30,Away,NYR,3.184453763878570,3.9801220792244600,112,11,5,3,24782479.91008230,37787868.14664630,6488443.941419700,1,3,5,1,4,980994.1321046480,870809.1106083150,52.385181932767200,68.7350591334551,35.41629043328640,24.432946292351200,1,Yes
2017,TOR,59,Away,CHI,3.181980283248510,4.452039489631390,89,14,6,3,42905714.12462340,20537931.802827600,11429664.188128000,8,4,1,7,3,1328507.0201832500,1622562.8741422700,65.79563471005370,65.63852389455510,26.54442366322910,25.389801002667300,0,No
2017,BOS,81,Home,NYR,3.3104629997893600,2.365216313456240,94,11,6,2,30269739.85239030,16404050.247582800,14427532.55354310,8,3,0,0,4,575761.2062484230,893052.5067603120,47.55444106027400,46.91484512054560,24.843917840262800,24.854299735971700,0,No
2018,LAK,81,Away,TOR,3.529403811679090,4.383406456222780,94,12,7,3,52163826.785343700,21390977.344884000,8227334.3243608300,4,4,0,2,7,565821.6325531150,1822575.9595930900,69.43088467345230,49.82698881766380,23.381154982674100,39.83346105663360,1,Yes
2021,BOS,14,Home,TOR,3.914966999042310,2.668445684707260,108,12,5,3,37037508.33867760,28189091.224985500,14412018.481491100,0,5,1,1,2,1580559.8190983000,1837730.3171099200,58.41123908631240,46.296785269149900,35.49716804363910,23.94807467461090,1,Yes
2018,TOR,9,Home,TOR,2.3094621603846400,2.656535714210770,98,13,5,3,59787366.607859500,19289909.17662980,18854972.56324480,6,0,4,4,3,1166719.9669666900,794661.9728341790,63.80612206686490,54.75627878382470,22.594125159800500,31.51040433932250,0,No
2023,LAK,40,Away,LAK,3.975148230540190,2.521161312763520,86,11,5,3,23700017.517558600,19186493.612949700,19962771.967590100,9,1,4,3,2,884438.5630538260,1420768.9175115900,42.56798658468310,40.588315974227600,29.07507520500710,38.505292833139300,1,Yes
2015,NYR,66,Home,LAK,2.994767046790360,3.1242228220427600,85,13,5,2,51213914.50960630,26564838.677628800,5486766.151860140,9,3,3,4,4,785620.2440373650,631576.4625799470,45.50373654276600,60.14104026690390,30.13860232154390,22.937931377555600,1,Yes
2022,COL,25,Away,BOS,1.7311748374029900,1.9624351295354600,73,11,6,2,46948069.341686300,15831699.27923400,8533823.423670160,3,3,0,6,6,1504930.2362888300,1087305.6494024400,62.7521101910261,55.694744494529200,33.74779825371430,39.417083957354,0,No
2021,BOS,73,Away,TOR,1.6756527877319400,3.1611344560740300,76,13,6,3,50699953.223628200,18047202.06330680,9654606.736875460,8,1,3,4,5,500602.3160380100,1569982.5942519100,40.65959566117970,66.9591678490331,32.66566964665990,38.94954468791250,1,Yes
2016,CHI,22,Away,CHI,2.5027149560881800,3.125114437230010,77,12,7,3,32301191.819618300,25396533.485198700,10986891.50667450,5,3,0,7,2,1708836.7537952800,1489134.8702748700,64.50633957681350,44.931780529852400,36.21441345890350,37.691439741165300,0,No
2022,CHI,4,Away,NYR,3.8546909313344000,3.78570543781461,104,14,6,2,39682179.57529600,16578247.730199200,8633857.363771510,2,3,1,3,3,618874.4091948930,1437051.0041099100,40.41847056075730,64.12327738183390,20.895028678524800,24.291130426600000,0,No
2015,TOR,26,Away,COL,3.6230428042227500,4.000949885812760,111,13,6,2,51860340.788948300,24918876.411388200,8052319.918329690,5,4,4,6,7,787234.4223621790,923811.2954936650,59.7135651718382,63.758830434001500,25.928814495587900,32.681101120219700,1,Yes
2023,NYR,58,Home,CHI,3.8658448940172200,2.821324050937270,88,11,7,3,29301653.2648342,26850156.648711100,19318307.6362625,9,4,4,3,3,1079354.5929486300,1067037.4241516000,50.95281760695420,43.81543567650660,25.602682375507600,35.2178294592248,0,No
2023,BOS,29,Home,LAK,3.051807169324830,2.4069997480544800,79,11,7,3,29041327.871546100,26281665.35182790,18777824.041557800,5,1,1,5,2,1227288.1095741600,654419.2170504290,58.344845581576000,51.95677672432380,22.920338111842200,39.72055856392860,0,No
2016,NYR,37,Away,LAK,2.820596993866470,2.2780046919512800,112,12,7,2,42042038.13179730,36729371.43507720,5704887.515046760,4,0,3,3,3,1032492.6737209100,1578534.2306504000,60.880942209673400,45.1045792343355,25.783565077128900,23.60847644162740,1,Yes
2021,BOS,75,Away,CHI,1.942357580118850,2.0838715101146200,86,11,6,2,40942543.18119420,28251561.376293300,10082195.324072700,1,5,3,1,7,981068.2474764410,1255833.1951869100,50.27425657558910,47.641615013726500,26.19530628285810,35.32051799038590,1,Yes
2017,TOR,70,Home,LAK,2.4845782608279300,1.6729427465970700,77,10,6,2,31290498.816517300,26699511.561951100,11077228.3051761,9,5,2,0,5,1945874.0181097800,1563148.4485184800,43.23887344332510,47.89738524491630,30.437689238549600,26.776023398542300,1,Yes
2021,TOR,18,Home,TOR,2.8020580985216300,2.52734393650414,63,14,7,2,31923026.020992900,25267731.134791700,8585218.01998915,9,3,0,5,6,1462369.5218650900,873415.2871953090,42.08937603244800,56.68709182077320,33.27408957852510,23.512529311360000,1,Yes
2023,CHI,42,Home,BOS,1.7658012890388500,2.3107430763923500,60,13,7,2,31113806.52826260,35440584.45761220,14433093.454822600,1,0,3,5,5,535149.4330510820,986657.3429525990,57.668080676876400,52.34232795281400,27.62201027223630,28.4275388242771,0,No
2018,NYR,41,Home,NYR,2.161835858133630,4.399252157599220,109,14,7,2,50860482.479939500,37376415.09999580,14605711.199663600,6,1,1,0,3,1145263.8626664700,1001323.005890170,55.619660612023300,68.43198412018920,34.38940462626760,35.87671824297230,1,Yes
2015,LAK,38,Away,BOS,3.2946758821912200,3.173126478750130,60,12,6,3,46076034.62249840,36331061.72992790,17757563.424929000,1,1,3,7,7,1812513.0496159600,538613.6146208240,62.26603027363400,43.79110425841020,26.7233067715916,29.296996074081000,1,Yes
2016,CHI,34,Away,NYR,3.7069893427175700,2.5418311170915200,117,13,6,2,53296687.33641010,31838664.45328480,16113039.025778300,5,4,4,5,7,952184.279616002,1011571.8092459400,55.29206530011810,69.21076404550600,25.805673546295200,30.75046200406100,0,No
2015,NYR,17,Home,NYR,4.4950425341788500,3.2414028029810900,85,13,5,2,59018921.13256090,18434043.649216900,13138599.904489300,4,3,0,3,2,641834.5171615820,1704956.8602770500,52.673373700926400,46.91915920642790,30.823761117140500,39.903188204002400,0,No
2019,CHI,37,Away,BOS,4.299339994030670,1.9175901040370900,104,10,6,2,38966571.85087950,21921749.237300300,14803801.550666300,3,2,5,4,4,1637577.1573848800,1845947.7436246100,51.94261534708690,63.18621809145560,20.474327206115800,27.98218599114850,0,No
2019,LAK,25,Home,CHI,3.427695598605580,2.8321312476066100,79,12,6,2,22667755.256218000,16151576.592049400,9109831.72314527,6,1,2,2,3,1409020.7479041200,1277327.4734538900,40.79340707793000,50.16909778518460,21.595782472680000,32.308015094184800,0,No
2021,COL,76,Away,NYR,2.763744159882220,3.3787029642631900,111,11,6,3,21923692.416481400,38270601.87475290,13895842.849510400,7,3,0,7,3,1355468.7617397600,1183252.5428288300,50.066716050899700,44.29244186251940,28.35939087173050,27.304884032307400,1,Yes
2023,COL,27,Home,BOS,3.4085320941247000,2.966693495377350,82,10,7,3,31826601.570864800,31519963.242272800,12338408.821248800,3,0,4,3,3,580364.8394111120,546236.9280490550,69.28060472573480,65.7366755573872,38.85825422783510,27.8557129265741,1,Yes
2023,COL,57,Away,NYR,3.856954854240700,2.7053364019629700,69,10,6,2,57301783.574098000,33659072.10783100,7000167.009745560,0,4,4,6,3,710748.514693276,1818806.506378070,66.20666728681270,49.265826977093900,34.43023559686850,33.91281506890820,0,No
2017,COL,31,Home,COL,1.855008572770160,4.481545166699090,118,14,7,3,40928522.19883500,22789293.489555700,8638164.14874456,0,5,4,6,2,1433824.0943196700,519515.3201388090,49.88134201102650,59.76566212680530,21.762531390011200,38.75773952189770,0,No
2017,BOS,6,Home,CHI,2.7297146690888600,4.140944286446780,70,14,5,3,30871460.643205200,36141338.05693360,9375401.76082379,0,0,4,4,4,811735.7621882540,1917125.1203153200,57.63386215199120,56.9933105525988,36.926360255617500,30.84717900984640,0,No
2017,COL,40,Away,TOR,4.019406856906850,3.37021787447832,100,14,5,3,35966671.780440800,21490082.092712000,18864643.50578840,0,1,1,7,4,1256105.1196226400,1233824.373032140,65.41890236606480,54.15268928172620,34.64601541216360,35.367998578975600,0,No
2018,LAK,12,Home,NYR,2.651498855799130,3.2081320835468500,100,10,7,3,43943804.296186800,15041093.927811200,8455799.590788340,4,1,2,7,0,1317322.5290440900,1012901.74036209,53.23823010250210,54.87458417945620,32.21893051405310,21.784131176339300,1,Yes
2022,TOR,53,Away,COL,3.2156168136815600,3.361981439473750,64,11,7,3,46117986.32551370,24410374.06301740,9338658.542295020,3,0,5,4,3,925260.7854064090,1886327.6522639900,40.53873591250450,61.96713742276860,36.40585921218350,24.223160748638500,0,No
2020,TOR,71,Away,TOR,3.2633080825865900,2.1039363234673000,117,13,7,3,26156780.3913162,29269037.023976800,10540311.951341500,8,1,4,7,3,1922637.7333122400,536586.489665145,42.2353138545592,42.63318742370320,28.082196954859100,30.04263281839070,1,Yes
2022,BOS,10,Home,TOR,2.053428759400920,2.685413229792960,60,14,6,2,59081267.06180700,26967621.449138100,14956141.079380800,2,3,4,5,0,1763696.1602533600,1372137.3423036300,55.3117816404612,60.045419858737200,24.430021017077100,20.400234472575500,0,No
2015,COL,45,Away,NYR,2.5867063249568700,1.618378598672700,76,11,5,2,41790889.07931160,36551903.564414900,6773575.887082110,6,1,3,1,4,1583560.2614492000,1323398.7867490100,69.08318127027640,66.87436304195740,30.240467782175200,25.057099575251200,1,Yes
2022,COL,17,Away,BOS,2.5035338662258000,2.92663811246048,81,12,7,2,25427532.71169120,17635132.148904200,19309178.18740660,7,4,2,1,7,616990.7996141140,828980.6018170730,60.796286266566000,41.733645910595900,30.976835111869500,30.34802579649930,1,Yes
2018,COL,26,Away,NYR,1.5785901255961900,3.1290737518729900,93,14,6,2,55745410.133845300,28845586.015843100,17983568.301421500,5,3,0,7,7,659195.0289635290,1143331.1470253200,42.12748574315710,44.21960017701,30.766527440198200,20.299223965126000,1,Yes
2015,CHI,62,Away,COL,1.5725752916740700,2.1832492083096300,115,13,5,2,22985537.243177200,27824483.745522700,13658241.095134300,9,2,2,5,1,1239172.0187974300,1478396.0089156600,45.68082627375590,61.49895810106090,31.301475829602100,25.290925724520800,1,Yes
2022,NYR,46,Away,TOR,3.9950911310273200,4.392086541496540,104,12,6,3,56309417.32710050,22034824.554304100,15110568.01137440,0,1,2,5,5,741070.0237864790,1590696.7953228900,63.1396942965055,53.11844944733850,38.974098364783600,30.28061638951740,0,No
2018,CHI,64,Home,NYR,2.319212429918440,4.228363832811730,100,12,5,2,59862626.251559300,35555702.81442530,5249907.0686632400,7,1,5,0,1,1967398.1952942100,501075.28805987000,65.24319279868740,52.10645862441070,38.044912461924600,31.46298495962490,1,Yes
2020,NYR,2,Away,BOS,3.054236298716450,3.6664297063677200,88,13,6,2,48017271.96626020,33821216.39705520,10084171.63022670,9,4,2,0,4,737780.3510411140,1905280.1451365200,58.53083758565770,44.10899903632710,37.51434073117880,38.51503386110610,0,No
2022,COL,54,Away,NYR,2.396176720766320,3.1001598862960900,63,14,5,3,50817888.84295960,33321479.683295800,16934903.45992160,2,4,5,2,6,1231201.753195960,746788.0585892190,59.332695088894500,55.20310122153360,36.02833621817250,32.906912465012200,1,Yes
2018,COL,65,Away,CHI,4.322037735346020,4.109907478943060,64,10,5,3,33492113.458699500,36904811.956738900,6162244.606885790,7,5,4,2,3,1046181.5852622600,850370.6513335390,40.850123511501500,43.79635933589130,38.86856214530570,28.294716050599900,1,Yes
2017,CHI,51,Away,BOS,2.2778902765973200,1.8919570314703900,70,13,6,2,57663074.10935740,33069615.01553800,9234707.513160800,3,0,4,2,1,1459079.6321811500,895210.1685407720,64.85590778744530,54.29861368931620,21.969892833588100,38.60702354266140,0,No
2023,CHI,53,Away,COL,2.788970438216810,3.871529382824660,115,13,7,3,41188558.6443347,20796032.29286820,13779452.42501470,7,0,1,2,2,693554.6133341370,556730.204828053,63.64825624512490,62.9084589688497,25.30246522891480,35.697659667755900,0,No
2017,NYR,36,Home,TOR,4.118190751453810,1.874462441900550,110,13,5,3,49295537.8639022,32639067.791242300,8846195.415484130,0,0,5,4,7,1145474.6420635900,684578.1853854870,47.771054323100400,47.747930736614900,29.901118913091700,24.00017842225500,1,Yes
2023,TOR,26,Away,NYR,4.0258007003754300,3.8826319876482200,80,12,7,3,56964308.63645120,22692570.334746100,19009669.612167800,2,4,5,4,2,912057.5492107160,1979524.884416240,61.260301598965200,54.42358504539180,36.93068986246810,22.616847226976400,1,Yes
2016,NYR,29,Home,BOS,2.058304253538830,2.3273027047540700,94,11,6,3,59007199.03902030,21054366.258686800,6965879.462064360,5,0,0,0,0,1831627.287007530,972825.106065929,46.44563819274990,69.76047908190510,30.10331423045470,33.51623271485470,0,No
2016,CHI,21,Home,CHI,3.907929929387130,4.131271743054570,71,10,7,2,53328174.263867000,16825089.822490700,16960915.368616700,8,0,3,1,4,560878.5682020430,672951.635508574,41.20990483154540,60.59951270062110,34.96069478683180,31.197663311539700,1,Yes
2016,LAK,11,Home,BOS,2.874560660213680,4.332126281476190,85,14,7,3,32120700.2792812,33600714.508691900,12619230.378596100,1,2,2,5,4,1870591.241009690,660486.891761935,46.03409627771130,65.24070313915600,22.779198104978300,35.793472275855100,0,No
2020,CHI,40,Home,LAK,2.9489066162560700,1.946387908215350,110,14,7,2,58661900.6620833,32775024.048745300,16254961.63729930,0,0,0,6,1,1749491.2078295000,1579189.9515049600,45.35886630262900,52.44542819681640,25.048276259531200,34.77610100157370,0,No
2017,LAK,11,Away,CHI,1.9004399172478300,2.8880268151961800,78,11,7,2,45124781.24974290,20862486.941852300,9660729.924671710,9,1,5,1,3,946356.0746612230,1781852.9960489600,50.13243990204540,63.03582769377570,34.635521900753400,32.504230677150300,0,No
2023,BOS,36,Home,COL,1.741804541271370,4.442962134488060,104,13,7,3,57225699.05407840,33734475.418103900,12717344.03468060,2,5,0,3,4,1683935.982015660,885428.4492627050,52.553484915263700,41.21527518823970,23.29468017775450,39.72764343257780,1,Yes
2018,CHI,59,Home,TOR,3.6838179209213000,2.95022230791944,119,10,5,3,47044201.03257410,37946022.07733880,17852530.245847600,3,4,1,4,1,546820.3405081210,531364.2685028520,55.256166744931200,43.68733547626740,27.027118693098500,30.671794602208200,1,Yes
2015,BOS,39,Away,COL,2.989383457065900,4.090642567543640,66,14,5,3,32289558.47390880,17700723.93728950,12003171.486846600,4,3,3,2,1,1950298.3254400900,834635.0276680340,54.302616265249800,46.092117787601900,25.297325156271400,22.262115130034400,0,No
2018,TOR,54,Away,NYR,2.8105521078455400,3.2661945663939600,106,14,5,2,34800980.96571260,20815915.959669400,10395797.928654000,2,5,5,2,5,1289892.413884680,584773.536195136,48.12023817895870,52.058557738456600,26.99723388444960,36.565471296319800,0,No
2015,NYR,55,Away,BOS,3.6885246859571900,2.6259897237588100,114,13,6,3,42018871.08411760,33756519.85218290,13042330.79379100,9,2,5,3,5,954921.5390981680,655092.4049450620,40.87512005722220,65.3723463497729,34.1664809815594,25.03706724691420,0,No
2019,LAK,24,Home,LAK,3.7965386969733300,2.3573506665776100,66,11,7,3,51600593.66239530,21862666.837677000,15760441.295545500,1,4,2,1,4,1043874.8188920200,1147262.1797714600,58.15304866711450,50.38798152363790,27.356943622856000,35.54604296287840,0,No
2018,NYR,22,Away,CHI,1.9767245030080600,2.1096692732582600,85,10,5,3,32719302.0536134,30616599.35709290,11653450.182477500,1,4,3,2,1,599608.0301907460,844877.5562924490,51.87234489542060,59.638635805463900,31.105266452158800,39.14214192000100,1,Yes
2022,BOS,69,Away,CHI,3.330675448432920,3.7853945741330900,99,11,6,3,43189246.64536770,17029105.611592900,19083154.627134100,6,1,1,1,0,1984024.2710630600,1273918.817788140,48.96016472162650,61.2794288441045,21.998637541088200,33.93591027928680,0,No
2022,LAK,56,Home,BOS,1.9060622468330600,2.6596215204690800,64,11,5,3,33824999.74305610,26305061.977588500,9424187.36063513,8,5,4,5,0,558937.9177260390,880240.6298857860,66.00823128491540,57.58547062265020,36.10035386469260,31.92060321899600,1,Yes
2021,NYR,33,Away,LAK,3.754125258087140,3.0338263866022500,80,10,5,2,52630776.185404300,33477285.549823800,12131954.092536800,9,5,0,3,5,1482360.6847217900,1910805.9516544200,62.402299233944800,50.717259045104100,27.397772512962500,29.207723513500800,0,No
2017,CHI,36,Away,BOS,3.4708654688014200,2.9769764400035500,73,10,7,3,38669123.75071800,32162848.576081300,16353914.890121600,1,0,2,6,4,1164103.8915596900,1858915.9518894000,65.73296645117330,57.311600251406300,32.970683180666800,27.288197319908100,1,Yes
2015,COL,20,Away,NYR,4.369843863250370,3.2318370876993900,63,14,6,3,23068913.07411540,35376802.51689520,15336816.357436400,6,1,5,1,7,1923374.3272830700,1350209.157515700,54.84948384137380,50.267967783692400,34.507792033236700,27.060095019436700,1,Yes
2015,BOS,81,Away,COL,1.7068740490692600,4.0967314368736600,82,14,7,3,26642100.859261500,36936303.16507920,17954615.78625730,6,0,4,5,3,868999.6104601930,1031635.9879810800,43.927937563803300,42.516212156560400,24.19321844223400,32.727454114191800,1,Yes
2017,NYR,62,Home,CHI,1.671164163453760,4.442218030750290,101,10,7,2,22444186.70478530,34329587.53146900,19952137.710216600,6,0,1,7,6,1298130.235907020,1071720.3230521000,60.88664308363820,69.78411934558040,37.693499699067,35.02546233875490,1,Yes
2020,BOS,73,Away,NYR,2.3465612240796000,2.722752625721450,79,12,5,3,39972117.84057300,31789693.573473100,11402874.931926300,2,4,3,7,7,1223534.3128741300,1117778.4247167500,46.18221339811530,43.815473608975300,32.32448503213910,33.57034138968830,1,Yes
2021,BOS,26,Away,COL,2.2851170512077200,3.9825567663189100,74,14,7,2,24253491.893929100,15793062.29540080,6667263.196749680,6,5,0,1,0,1554299.666075150,1591368.983202420,53.23689007275150,42.17045151508170,28.57450283502960,23.968202023871300,0,No
2020,LAK,66,Home,NYR,2.2409363972160000,3.793583383964150,109,12,6,2,24565598.772385300,28374166.835236100,5456238.21211952,0,0,2,7,0,602015.3479286310,1177458.4932782600,41.950023668466700,66.35592247621470,23.646703671564400,29.879743602869800,0,No
2020,LAK,73,Away,LAK,4.2187637415631100,3.2205868543667200,111,10,7,3,57641930.40153510,15942443.12287130,15903153.592096600,9,2,5,1,7,790683.6950350320,1785094.919758850,64.75925207268950,49.05503982678690,38.84601875802410,35.83280144366130,1,Yes
2020,COL,73,Home,CHI,2.248638599548520,4.3681414308358000,104,14,7,3,54906202.88704220,35201695.42790060,18110205.069630700,0,2,5,2,5,821847.2301392750,1916142.1788955500,43.77821923142500,59.508909222205200,35.1013640826325,29.514081563781100,0,No
2017,CHI,40,Away,BOS,2.3158491783858900,2.1014235465852100,88,11,7,3,38083463.872454600,23018113.11149890,8310688.78916628,4,5,4,0,5,1607226.1322625300,1003919.2300684000,67.0929252114793,49.87017188986700,24.160491254665000,30.732465594709900,0,No
2020,BOS,17,Home,BOS,3.778194787253890,1.8277926309288600,67,10,5,2,59432212.83400820,29060734.352948000,7376720.5578485900,1,2,4,7,4,783708.0444901100,1341041.7220635200,65.92691806784670,51.743628123834100,26.75421549448450,35.422720963416400,0,No
2022,NYR,1,Home,COL,2.84921952735162,4.061885900866270,100,13,6,2,20007461.126826500,21986132.682972600,5933076.372885370,8,4,0,4,5,1360237.645836470,642584.8052488470,53.937482933177400,47.86338916050390,36.193485161761500,33.22530612530180,0,No
2016,TOR,61,Home,TOR,3.8301316708655400,2.817449449901250,107,12,5,2,44559178.25093580,34562503.60950730,17340543.825758100,6,1,3,1,2,822865.7307514310,800703.5716495390,62.33104612911970,50.291320173790300,33.91355326430680,28.186898417647900,0,No
2019,BOS,43,Home,LAK,1.6960984726931600,4.040906562621180,78,10,5,2,44657127.0948748,37162563.166047600,9670729.098388770,3,3,1,1,6,1792437.4251259700,1120198.6500652400,58.5833522145446,52.321012017596300,35.31568585431450,37.90825422388440,0,No
2015,BOS,42,Away,COL,2.962713581020150,4.179270615586250,107,10,5,2,38297722.234795500,24966062.3553266,11025453.391396600,3,0,3,1,7,1913278.1817344600,809304.0738526680,64.09226927013240,61.612482072770300,28.824022044258600,23.25134137326960,0,No
2015,COL,25,Home,TOR,1.600840800549850,1.6873727808572100,98,14,5,2,35877918.91737170,36573059.837774700,12541252.874144200,1,3,3,0,7,1277739.4624133600,1814840.7361830800,52.95415302357740,55.34608582704380,34.32952525284330,39.91032897180650,1,Yes
2019,CHI,39,Away,NYR,1.6879596103660600,4.150394288958180,105,14,5,3,38215325.41922430,21676875.18640830,17591798.51314330,4,1,3,5,1,1028463.3263137700,737429.3840886470,63.5742545273305,68.30695651470930,27.729874457278300,22.377051569524700,0,No
2017,TOR,35,Home,LAK,4.219312360033230,2.8449571661082700,87,14,6,3,36598417.44318720,28366523.076888100,14762498.323422300,3,1,0,7,0,851086.6625262490,1183491.232329640,53.873704511954400,41.25641181516330,24.22525833876390,20.298999422084800,0,No
2018,LAK,3,Home,NYR,1.9177361133527900,3.0312974670127000,105,13,7,2,49219699.09929200,36469035.7459676,14225969.44786720,0,4,0,6,7,574671.5022845660,1408548.8606898100,68.22897363528380,55.09204967896090,32.6535406968272,37.800378022975300,0,No
2017,LAK,44,Home,CHI,3.0972620468256500,3.379777533279630,116,14,5,3,25414217.39893140,23147033.56539480,7635081.49933866,7,2,1,6,2,902750.1142962430,1537795.8622412700,54.59116302475440,57.526743664951500,39.52027851197590,24.89907016731910,1,Yes
2015,NYR,51,Away,LAK,2.7332868078021200,4.279147820190260,86,10,5,3,27905568.823645200,38851056.62695210,12697848.375647400,2,2,3,3,7,1481353.669917980,1074604.05458976,53.878578158011900,67.60590958222820,26.212019427906600,34.593992548934400,1,Yes
2015,TOR,12,Home,TOR,2.542029978776530,1.5573482832892900,63,14,6,2,27220729.135696900,18046987.54453460,15730715.257679800,5,1,0,2,3,1300425.3969638200,1803648.6030870900,63.55215584690540,41.474755708642800,29.219391844250800,36.22030749864140,0,No
2019,LAK,19,Away,CHI,4.199500037061820,2.9305304049534500,117,11,6,2,30498823.40485060,15456876.743087700,19598913.245457400,3,4,1,0,2,1916061.9174213900,1352478.7266168900,64.64733075282510,57.20498754805650,33.48002742139710,37.179727820642300,1,Yes
2020,NYR,44,Away,BOS,1.5654701903264700,3.563166127291680,74,14,7,3,41010336.751263300,37603383.814454800,8021094.638200280,8,4,5,5,4,1094415.8937375500,1159261.6706713300,56.63467342963510,65.6088978558387,30.830125642449800,39.83188471328330,1,Yes
2017,CHI,59,Away,TOR,3.491369058526770,3.6681208730946900,94,13,6,2,24448349.89352880,16716216.653696800,5143150.2960084,6,5,1,1,3,1540795.0134925900,600860.951078055,45.39393440485230,47.257831843577100,36.86855591418100,25.880794200800000,0,No
2023,NYR,49,Away,COL,4.390183302640650,3.5775972946113200,96,11,7,2,54726771.813060200,39797229.898687300,6129521.503977050,8,0,3,5,3,1233984.121212680,1197034.2026677500,54.032746928727400,66.28877045571810,35.23485412939030,34.204866838545200,1,Yes
2019,LAK,61,Away,BOS,3.1805045503855300,1.9033053882243700,60,10,5,3,31894461.252338900,38784921.54947770,10637786.97772970,9,2,2,0,7,1268864.3238863200,1731103.7612236000,69.04217508729040,40.57130227822880,21.16594407724710,22.307997165616600,0,No
2022,COL,17,Away,BOS,4.310467386099280,2.3981867651150400,62,10,5,2,26501519.498748300,18425522.750908000,17308169.716189800,2,1,3,0,5,901661.4719061760,1421811.5273319700,62.58958579117560,61.97363887401190,39.96842467847550,28.136185827137000,1,Yes
2015,COL,74,Away,COL,1.6567736378580700,2.5761465762510400,106,12,7,3,47024852.38392970,28439615.642314100,5107131.226523680,0,5,2,0,7,1182426.1652630000,1748243.6805936800,64.33487811637400,67.9933966350596,35.04804907438940,36.95943386625180,0,No
2019,COL,57,Away,LAK,2.7563799572224800,3.913311623038520,83,11,6,3,21523452.023972800,19623007.436678600,11850958.893287600,4,3,1,3,2,1206177.4955190600,1241017.5058989600,40.9847649645772,59.71592984920190,37.278066325882300,27.353160921182200,1,Yes
2017,LAK,55,Away,BOS,2.2804733728861500,2.336279617243660,86,12,7,3,44798742.59496660,25703879.325753000,9938459.230120920,2,2,5,4,4,1559963.782623400,677692.5576417230,54.0357838790248,53.170877319413400,33.02395424190690,31.82190761071230,0,No
2015,COL,47,Home,TOR,3.6924628949421900,2.1321148916016100,99,11,6,3,47927937.22706000,16535628.231495800,5787225.651495910,5,0,5,2,0,1910959.9987791700,520459.7687538220,59.39863400972670,41.34643049418150,37.125702560935200,30.07546887449270,0,No
2018,TOR,12,Home,CHI,4.44389127149174,4.372344057114290,95,11,5,3,28596661.255468800,20598114.69491470,11753544.300089300,7,4,0,3,6,993981.9162237560,954829.3200778870,64.90098050884220,67.60341439967890,22.247659498574200,32.9190306222409,1,Yes
2019,CHI,62,Home,BOS,2.2695901873327400,1.5265898553404100,93,13,6,2,21678562.93774540,24081819.90997250,8821230.610050780,3,1,5,3,5,563300.7028719480,1546985.7072466900,41.478209607483100,54.10888668074730,26.954756711186300,39.4578877877539,0,No
2021,NYR,80,Home,TOR,3.4625238044222200,4.493462567045940,88,12,7,2,34545814.35677800,25966187.50615140,10278272.515205100,4,2,4,7,2,1244442.6882509600,1685389.8559125400,65.57316656925620,40.86990233007840,37.52841887208990,21.11471053002800,0,No
2015,NYR,8,Home,NYR,2.09429289827922,3.530463896572190,83,13,7,2,23943769.209677500,39437406.45522230,15584229.571764400,4,3,1,4,0,1316691.998223750,943629.2519304940,56.45202810225740,60.694632139862900,24.033104225337800,31.479230350032600,1,Yes
2017,LAK,21,Away,TOR,3.1959907637148300,3.985407898347350,83,11,5,2,24659113.986933500,35196641.14209950,12823264.758664500,3,0,0,3,2,752660.8266978730,1243480.8813248700,45.9194191172818,54.45511760728780,21.564841971600500,37.2605755850057,0,No
2016,COL,81,Away,CHI,2.8917974600650100,2.3838581890385800,101,10,6,3,30170449.25779460,33435248.607798700,6869711.4348922,3,0,5,0,5,1640696.9094141,1131678.3566511200,49.517656493491,43.73035952327230,35.76237879890440,29.62765423496860,0,No
2023,COL,80,Away,TOR,4.416015988894610,1.54294583300118,63,11,6,3,31818716.985070400,28426032.868549400,19421218.106354600,3,5,1,0,0,1977393.6626622400,1115784.1765271400,48.457886552546800,46.42815427930780,36.70972311286590,21.570543718831500,1,Yes
2020,BOS,70,Away,COL,3.3255818180894000,3.71360855568459,62,13,6,2,41198813.640856800,35999944.015108600,14538661.485646100,3,2,3,7,5,1918662.0755126900,847023.0698002260,55.925771028654300,41.934720413675400,23.25304436379800,31.21078704833540,0,No
2017,CHI,72,Away,CHI,2.548519116260460,4.002433791002030,93,12,5,3,47135675.42012050,23483070.89139280,16488026.384938000,3,3,5,5,2,795659.0582354780,704556.6575441880,41.550570397334000,57.228806191257200,37.086919655654300,26.64147781647640,1,Yes
2022,TOR,25,Away,LAK,1.8422873546638000,3.721428395860560,116,12,6,2,43710837.63480740,32722477.8193329,6188197.250125560,4,0,2,1,3,1813044.859851140,795032.8373468200,44.75608475499770,58.66088437756030,33.735355911943400,23.098835706758700,0,No
2022,NYR,82,Away,NYR,1.9537404862048000,1.9285508619025200,108,13,7,2,25934413.491580700,39844599.3844543,5705875.691900280,1,1,1,3,6,1556740.454617530,582998.5807450190,64.38079130127350,55.17226895066330,30.40165366433170,36.98069026566950,1,Yes
2016,BOS,12,Home,COL,2.1759507898537100,3.7602837667709100,82,12,6,2,26883441.298105100,22865722.72338000,5291720.755521220,1,0,0,1,1,1180769.8457103700,797196.1127353660,43.97811972240430,64.51306399007850,36.6050038556277,30.43199025982240,1,Yes
2020,BOS,15,Home,LAK,2.252899984020890,3.806768346322920,112,14,5,3,55150769.99171660,31850438.372099200,7831910.416601670,8,3,3,2,6,1310916.4914870900,513801.3464380690,47.00188808374380,65.83026463924040,28.384984986379300,38.665528247581300,0,No
2021,LAK,59,Home,TOR,4.051848173523410,3.4756215470101600,115,10,6,3,42334092.60256450,36107871.60380960,11216125.965777400,1,4,4,6,3,1774400.262473690,1440887.6009539700,53.60111816812470,58.4687319004938,23.879879124467900,36.12033009206140,1,Yes
2016,NYR,26,Home,CHI,3.1836683648475700,3.7983477983867600,111,10,6,3,54797513.31590760,37895189.5837668,19037392.001042300,5,4,3,0,5,1220202.4094575600,974563.1110815240,55.51362664339990,40.38269439122290,25.697053532212300,33.859435875473300,0,No
2016,LAK,26,Away,NYR,3.0701727341231000,4.037764319033200,82,10,7,3,34861860.45279500,32948317.273502500,11855894.888986600,1,5,5,5,6,1059811.0536576900,1959717.067140360,62.908314388424800,60.85688967243210,30.103280365866300,20.10051006730620,0,No
2015,TOR,47,Away,COL,1.8443066156076500,3.3408123427123800,104,12,6,2,44576000.29725300,22090198.085428400,9353826.58058794,4,2,2,2,5,1239871.2395389800,790575.5761644470,53.419972799985600,52.53997650761060,30.626615853463500,28.556469132765,1,Yes
2022,BOS,32,Away,LAK,4.080419080048310,1.7658141419090400,64,12,7,3,40946536.64218440,23157053.78922370,13429028.80279500,3,3,3,7,5,1368694.7060525700,1018742.8554643900,63.69593863106620,56.96672449679160,36.11161652882470,23.949725633040600,0,No
2015,BOS,10,Home,LAK,3.668442909625450,2.9628834290016300,90,11,7,3,32764939.592818500,15518950.803099100,6679018.672021840,6,5,4,5,0,783616.4806675230,1036761.7379623000,58.55038921136370,59.47241806056650,35.82705447304670,38.215958220977400,0,No
2023,CHI,16,Away,NYR,1.7030050857000000,1.732948004014820,112,11,5,3,38796614.88134380,34022149.44178770,14142588.365074700,6,0,0,6,4,1851361.595400490,512677.2440936910,43.39299218271470,50.5070984298123,31.627331144091500,23.491679693527200,1,Yes
2020,TOR,71,Away,TOR,3.6235052916893100,2.7226290930972900,100,10,7,2,40099635.073077300,16068490.151548800,13526479.31495760,5,0,1,6,5,1511280.4232444200,1758811.9295591900,44.68994315178520,67.51295515515380,35.61570966730950,25.72120103318570,0,No
2021,BOS,17,Away,NYR,3.1306146520279400,2.721319467376880,116,14,7,2,28030838.990267100,36616308.865068600,16879895.501085600,9,4,2,7,6,1449903.3760062300,547991.690216487,53.111011763493100,44.01924600249340,23.83546916587340,30.336735354690000,0,No
2021,TOR,23,Home,LAK,1.7451760372403300,1.6980295324207200,116,11,5,3,32600414.895069300,17966515.36186350,19800314.17425540,4,5,4,4,6,649244.3392709570,1910269.752093860,51.906681792671200,60.14535421843110,21.001290541865900,25.267272379961600,1,Yes
2017,NYR,26,Away,BOS,2.8749019245859700,2.546461601908440,119,11,7,3,51656390.02027900,19296912.803398100,8763102.075741660,0,4,5,7,6,1406260.9072588900,1838111.526640430,62.306328089118800,40.130787398697400,37.472676452694,24.197293545582400,0,No
2016,COL,7,Home,COL,2.954088861390140,1.8329942963739400,113,12,5,3,56631529.578165100,26913161.770805900,12644846.76205640,2,1,5,0,3,681440.9933577390,1303282.8741289500,57.42211419392060,67.73953316215540,21.51108987525540,31.981986502055000,0,No
2023,BOS,14,Home,NYR,1.9973236204898300,3.9247056300276700,65,14,6,3,34391763.741812000,33447010.37921860,18632981.094785100,8,4,5,2,1,618046.5127930990,1315393.362366940,51.64399243006750,43.375123997142700,24.933768594879900,21.778590455100500,1,Yes
2022,CHI,79,Home,LAK,4.337094441000850,4.343064077893410,96,10,5,2,32278891.288360700,18475055.129976900,16777848.26634260,0,1,2,4,5,1290966.34346359,1480666.8844342300,45.12280850351160,42.846526904427200,33.90637899248770,21.163355174418500,0,No
2021,NYR,7,Home,TOR,4.049926114441990,1.7169494257738200,116,11,7,3,27807886.5828753,26001776.876662500,12311094.546512100,4,0,3,6,7,1104178.3010697400,1080575.0179023300,46.80511306976490,49.99022899156730,28.18895875254620,27.444905903721400,0,No
2023,TOR,9,Away,LAK,3.507067011987330,4.365345621875100,69,14,5,3,47139646.74602330,27071281.86025260,19180574.74422170,1,5,2,2,5,1383215.4052343300,1470833.4250967800,57.26503055407180,51.20698858117240,37.52627939831020,34.41328909015730,1,Yes
2018,LAK,48,Home,TOR,2.886886683001820,3.0677297980102400,99,14,7,3,32923988.06665350,20307141.041714800,5858550.402752140,3,1,5,5,5,633833.2520858580,567152.5830327300,52.70316414699380,46.429002169686400,25.959595893245400,31.09613516547900,0,No
2018,NYR,72,Home,NYR,2.7352966247535300,2.398697033861620,66,10,6,2,59509981.56396750,17888959.417015800,18964979.29568880,0,5,4,4,7,1146474.5942708900,581071.4410245900,55.447825265820200,57.55364982781370,20.237426933387200,28.457529369335600,0,No
2015,BOS,59,Away,TOR,3.4529204014528600,1.7305862258284900,98,14,5,2,33027392.08255810,35910523.07464100,5757610.885742100,2,5,1,4,0,762180.072567737,1185845.6294293200,45.12032305906700,53.28742294125890,26.01311281121490,31.31503128449170,1,Yes
2022,TOR,82,Away,CHI,3.1362956082207200,3.0018728042112500,97,14,6,3,35765441.87130510,27561641.244069100,13209571.161720300,9,1,1,0,5,1980650.1288861700,1324433.4516590500,59.88718757033700,41.02526767123260,31.561500983696600,27.309029693065500,1,Yes
2017,COL,39,Home,CHI,1.6868193176456600,3.883546633472250,80,14,7,3,44133367.848481400,15359530.899603800,18356614.220016300,6,2,2,7,3,1341725.3186527600,1831726.4605037300,65.57616222567900,49.58956186765900,27.518767508065900,38.722926708642300,0,No
2021,NYR,18,Away,CHI,3.037507946311000,3.6212594318000900,79,11,7,3,52067371.7276522,35074532.5327276,8940814.153419540,9,4,5,1,2,1531155.291411300,656990.9508618440,47.73818520360700,64.31298740719510,30.697455115175100,21.098097818215500,0,No
2016,BOS,59,Home,BOS,3.9192108516985200,1.6506780343919200,62,10,6,3,38780746.61382540,39519845.13536460,12083727.484177400,2,1,0,5,4,988127.4210239120,1733971.890790830,54.745426774954800,60.691046045856100,37.53196237670040,33.46782958059670,1,Yes
2016,CHI,17,Home,NYR,2.8777196327908700,1.7187055061037100,110,14,5,3,36906241.351558300,30148154.885356200,9864933.1870545,3,0,2,5,6,642108.3721690160,815071.0059381040,69.26581987062710,61.746125607396400,38.24970108460740,37.82565329655500,0,No
2021,LAK,14,Home,LAK,1.6558697326628100,2.7086198478979100,81,14,5,2,59825513.343792300,27592709.67710180,19282158.756145300,1,5,5,7,5,1963806.294175310,1091125.4727650500,49.99725221652180,60.94350772250570,25.31948129308220,36.077694174705100,0,No
2020,TOR,31,Home,LAK,3.8588345981521000,2.3858714821438300,106,11,7,2,20419745.64559780,36960396.57612400,17354683.92129640,2,3,3,4,0,929388.5530747750,974903.6522411190,57.85139034771280,49.329190641491000,29.242809465398000,23.680820696428900,0,No
2017,NYR,24,Away,BOS,2.104091346407920,2.1971529691681400,63,10,6,2,55802611.554049800,38812919.74211500,15635022.669895700,8,1,1,4,3,1135712.2777603600,1100232.9092981000,42.70587100600730,42.98991766230330,30.982880304829000,25.918526979605800,1,Yes
2023,NYR,60,Home,TOR,2.2758625046641200,2.3430134967261400,87,12,6,3,25965633.037589500,33863422.89756150,13814404.79922660,2,4,1,0,5,1474795.8825538600,725743.2471088780,58.180450074383300,48.17401552099290,38.98224913776490,34.340958774142100,0,No
2020,COL,45,Away,BOS,1.9941190602968900,3.9104482298906500,71,11,5,2,51437011.04835650,26136323.243357200,17308876.83986220,4,5,1,1,7,537045.9465291670,1255355.1116053300,42.68895319913850,64.95355900555480,39.97234638328770,21.68541118361530,0,No
2020,COL,3,Away,TOR,2.4906451946144900,4.287684160895560,97,10,5,2,44717262.39385190,29805534.983286000,10884005.622853200,1,2,0,5,0,1715388.6957759300,1702463.884747050,68.77706305971470,69.41412393349210,24.708144976830500,36.23723399665170,1,Yes
2015,CHI,37,Away,TOR,3.770254517065910,2.7153080835827000,110,14,5,2,33673891.419923700,32523384.12545000,11713277.826590900,3,0,5,6,2,1304867.2850429300,1162301.0155683500,61.46987956216930,54.815410442246800,34.53959742691630,34.378138892095800,1,Yes
2018,LAK,43,Away,COL,3.0581575785118100,4.218333006397490,95,10,6,3,54954998.22084070,19856839.275045000,15950025.816212900,6,2,5,3,1,917325.7806032330,1235920.3638473000,63.64479364407120,40.291010647691300,27.560621244663900,34.59213298470690,1,Yes
2020,CHI,40,Home,LAK,2.1146438224521400,2.4644871037436500,106,10,5,3,20516289.11923970,26180025.80541100,10366321.449405700,6,3,5,3,5,592411.9779387040,1773151.3779219700,61.123130823149100,44.20134436402690,20.162163937724300,22.00482740535180,0,No
2020,BOS,55,Away,CHI,4.133490234456120,2.929310959031380,100,10,5,2,29067626.082996900,35745531.617932100,5958514.130725610,2,1,5,1,3,743747.6232116620,1559087.1719570500,57.69187108229400,49.662417259488000,20.185050448718000,34.355210896324600,0,No
2019,BOS,39,Home,TOR,4.138745564854590,2.178086993448000,64,12,7,3,42675711.84998140,31368133.712461100,6115019.133291070,4,5,0,2,0,1842550.7882801600,1235681.6127796800,53.49738343256520,57.357560457788500,29.211320151245100,33.5963625043994,1,Yes
2015,CHI,15,Away,COL,4.11173527513802,3.421428126527530,72,10,5,2,34061690.40198790,25280101.680296400,6730442.019585560,0,1,4,0,7,1529036.3359038400,886543.4722837700,65.75120139283190,42.25280937415940,29.76669826008670,36.618449816437000,0,No
2022,LAK,4,Away,LAK,2.216388634144620,4.436943345524430,82,12,5,2,44415099.81273310,31584063.350367000,18045219.85015490,9,4,2,1,0,874852.5824553350,1827390.1202674500,68.70507002629190,68.30071896129650,20.451393931468900,20.83191912512940,0,No
2019,CHI,25,Home,CHI,2.8537180325429600,3.3104792881301400,117,14,6,2,20964407.736346700,17955560.301811500,12083396.386343100,9,1,2,7,5,598401.1474175440,1365530.6025358400,54.97108518712240,50.952510198532000,33.73854833548610,20.462213369355800,0,No
2019,LAK,13,Home,TOR,4.454968968422630,2.5734422523406500,109,12,6,2,24658357.2192685,25037440.26412190,15693235.540171000,9,0,5,7,0,1535922.9685799500,831721.4151660400,67.94605147465790,67.37752653774470,25.880067771899100,27.460141997571200,0,No
2021,LAK,82,Home,TOR,3.816037428929970,3.443452337971590,89,14,7,3,25083849.60873760,34828213.44907640,10893640.0340734,0,3,3,3,1,1358611.5889516500,903679.6289570160,57.49998729965550,63.41565408271070,31.197862030719000,22.97576567698310,1,Yes
2018,TOR,33,Away,BOS,1.5815022636766800,1.8687620353961600,96,14,5,3,27571345.836640400,20512719.6784162,8880664.211234520,4,2,1,4,0,1106779.2866873500,1704699.6334043700,56.151525606893000,62.66311817546740,26.018381463308400,31.16768955140440,1,Yes
2020,LAK,16,Away,BOS,1.695613773781480,4.165977240796200,84,12,7,3,38373257.63202170,19649037.688935400,10207882.513433200,9,3,0,3,6,1045417.1737851000,566218.3431311830,53.6344819886607,58.20158739346700,23.342686297386100,38.34697803013500,0,No
2018,COL,42,Home,LAK,2.891794130437000,3.009251852339510,107,11,6,3,50085147.98174290,38770466.49791080,16912735.179757800,8,5,3,4,4,825221.4138936620,1988138.28054323,46.278632845903600,58.803514511555300,28.143474771977500,27.829594606680300,1,Yes
2017,LAK,66,Home,CHI,4.2276606175846800,2.8480492261189300,86,13,7,2,56221553.51715600,20247440.739655800,14378241.875471600,0,1,3,0,6,1504416.8848062800,695527.5195721880,40.111589824541800,59.14009705648740,24.645467295810000,36.89900754545210,0,No
2021,LAK,55,Home,TOR,3.1161053938581400,3.2575943653605600,110,10,6,3,53414901.21136980,21522964.491254200,19064596.69936850,0,5,5,4,4,1956002.0416908100,1694102.788095410,47.24518680568180,58.861641610767500,30.69601953838340,20.00481749035730,0,No
2022,LAK,42,Home,LAK,2.9934375241028700,3.3743515883682100,73,13,7,2,27875514.871027300,39240398.47260850,15195571.67865250,3,2,0,1,0,763572.8687552390,1092162.9751575200,55.29169514810700,56.61184694195080,23.9765706057296,23.370292869183700,1,Yes
2018,BOS,34,Away,LAK,1.8164210998698900,1.715327418679540,116,10,7,3,37646022.08922530,33367714.25662560,13552724.476320400,3,5,2,4,7,1395674.930023260,1238324.2749312000,51.398798567792600,69.59242055448670,30.16811953289250,20.60847079308170,1,Yes
2016,COL,30,Home,NYR,3.470340314172880,3.5478516636702100,107,10,5,3,27976463.9103414,32489913.325588200,14152940.134787500,1,4,1,2,7,1136277.5836189600,1820975.8661968700,53.454556840079000,61.96871702277090,23.14757029737740,26.562943610301400,0,No
2017,COL,13,Home,BOS,3.9663094818006800,2.225795040946590,118,14,7,3,30578872.66668760,36323159.596364500,19135571.59202620,8,3,2,7,5,1170033.0826170000,1119366.78438382,69.41944658692150,63.308391651775600,33.4194941897157,38.163791913930100,0,No
2015,CHI,13,Home,CHI,2.6412600225226900,3.6418578975197700,106,10,5,2,40141879.26047550,17895577.055919900,16823013.94800060,8,2,3,1,7,881220.9201917220,1306240.6305098500,50.50817112007980,66.17388445251020,35.078753688828500,21.939042471979800,0,No
2022,TOR,18,Home,TOR,3.8268355527759800,3.9676043831525900,113,10,5,2,22724360.988940900,32648905.91450020,5360618.560496570,1,2,1,7,4,1737702.3134921300,573949.4936137550,53.565488180803200,46.46919288177550,22.207884684998700,32.128195534876000,0,No
2017,LAK,32,Away,LAK,4.393429961702430,3.911875522657560,95,12,5,2,28726973.18373090,27592215.233206000,13012095.442035500,8,2,4,0,3,1227883.4062208600,503521.21080118000,44.005466540584600,42.51412477285180,29.356048240746800,29.029918782388900,1,Yes
2021,NYR,39,Home,TOR,2.1112993773830700,3.1575029022236700,98,13,5,2,57415126.45228470,35728766.007103500,15325076.173198500,5,0,3,1,4,1315108.7782974000,867199.8095025890,41.43873197310960,54.48683309795800,21.41743401309750,38.76936424731630,1,Yes
2019,TOR,46,Away,NYR,3.069988893584220,3.0605096769322500,75,12,7,3,38644651.70633960,27703542.96662990,16230477.176587300,7,3,2,2,6,957141.3691959890,1520874.639378150,63.262285437774800,55.42242086857820,31.96364891084010,22.450382850741900,0,No
2019,TOR,29,Home,CHI,2.3614138742537300,1.9286278840182400,115,10,6,2,37815461.039114900,30506033.856722800,8197131.78970905,9,5,2,0,0,772712.6985004250,681897.340038705,57.12049525215940,64.87545339849750,25.28808595859290,24.24055701004460,0,No
2021,COL,62,Home,LAK,3.878563257101520,3.8260384512094100,81,14,6,2,20582686.190051200,26943553.1599884,18007660.316770300,3,2,5,3,5,628865.5823042310,670642.9382068240,62.82114418131690,53.31350737847010,30.552489136774200,20.590839372229900,1,Yes
2023,TOR,62,Away,TOR,3.2327800976434700,2.314228141340140,80,12,6,3,29895989.88233380,26953973.088896100,19337647.207627500,1,3,2,2,2,1571178.711387370,1116440.912053860,44.49588396659660,57.12559076632940,30.349220187685800,28.678704992627500,0,No
2019,LAK,57,Home,BOS,3.4037472526509100,2.9900862684538400,113,12,7,3,54651697.43928730,34199249.45154580,8550729.587673050,1,2,0,0,5,794351.4225317840,1471755.5579123400,57.15486313548070,55.81212815540380,38.48708692387600,25.556657991293100,1,Yes
2015,LAK,16,Away,NYR,3.893742478847680,2.35282227878255,80,11,5,2,26585137.13034680,30714160.01618210,18239231.86275870,8,4,3,6,5,1535113.0312832000,1568107.9883719000,47.60927423024130,41.14608351272170,30.981664451374500,37.398118677806400,0,No
2015,BOS,56,Away,CHI,2.6879114179873600,1.9014850889990800,67,10,6,3,36604997.581388800,30831580.04023530,6454681.4377414300,0,4,1,4,5,1085564.6690704300,767676.0111475620,46.8418545070006,58.45644689790740,31.659969594366300,32.0988162639551,1,Yes
2016,LAK,10,Home,NYR,4.2452702052211300,3.38867309067521,108,14,7,2,20573236.23468010,26257062.095788100,5835602.541728680,6,4,2,1,3,1123662.2014844800,619382.2210580640,40.34578042158960,64.84129857322760,28.033062515287600,32.281814759514000,0,No
2020,LAK,30,Away,BOS,3.0990866017384200,1.6629961044687100,75,12,5,3,39133419.266822200,28277737.40843820,6938357.00154124,2,1,5,0,1,1203766.2441391600,1910595.5509183200,43.910221707072200,44.72501644227410,38.981592063656300,30.63821393762610,0,No
2023,COL,25,Away,CHI,1.973864468506040,3.7459357023786,118,12,6,2,20840844.269048700,33642941.65511970,5866116.19200554,2,2,5,1,6,1051562.7621913100,890999.5738431530,49.27804334499090,57.82995201779790,35.54371818879220,21.83700674458400,0,No
2022,LAK,5,Away,NYR,3.5876973545064100,2.4527603857833500,114,14,5,2,52784382.122632,35648522.977798000,17675183.55733660,1,1,2,4,0,650929.9658338850,1780019.7464130900,43.506362817728200,57.80831633339240,25.70810580605680,28.900373674507100,1,Yes
2019,BOS,65,Away,COL,3.879784051314760,1.5004040790134600,90,10,6,2,52994150.69948420,32414035.053601200,5885752.166874080,9,3,0,0,1,964447.7150042690,1795237.1756942300,69.57575321232810,44.92554892169080,36.88419171552460,39.99010379417030,1,Yes
2015,NYR,49,Away,BOS,2.45028503120258,3.0333874177116900,101,11,6,2,51509687.53209480,38101824.721142100,9074962.870454830,5,1,5,3,2,1495601.5410409100,1658783.8876438200,49.25897945571850,43.70390721192210,28.647927203701800,36.7045858169203,0,No
2021,COL,3,Away,BOS,4.071537770996260,1.6405557255828100,69,12,6,2,31334562.755644700,35508102.20368000,6556345.153037850,9,3,1,6,1,1498676.6022033100,753250.4099788550,43.909718401069800,69.40155828929450,36.57334287067190,37.86918108334230,0,No
2019,NYR,45,Away,BOS,4.2184297642973,2.3285086734627000,91,11,5,3,53489488.728872700,29046594.74523800,9431330.544706480,1,3,3,6,0,929336.4608599920,1732702.1888813000,45.97246938483870,51.81157508959110,36.45776136587000,36.46452718493000,0,No
2020,COL,14,Away,COL,2.330713462133430,3.6209294623671500,118,13,7,2,41719925.304210800,31785151.816093400,6358392.014013810,9,3,4,2,6,1190153.9398365300,1653875.83886238,57.6310968502443,46.82265186170590,23.77740373525710,22.060833868619700,0,No
2021,CHI,30,Home,COL,4.4505644181456700,1.6880688648656000,93,10,5,2,34952324.3546801,38157706.9230299,15020048.76114520,3,5,0,0,6,790170.8420179060,1395084.4851593300,41.92130571594370,45.13973633363130,34.02282262767150,24.548965081296000,1,Yes
2017,TOR,68,Home,TOR,1.9221345841462800,4.0180154770680100,68,13,6,2,45013198.38816930,30479201.10607650,6999902.2451386300,9,1,5,4,0,815558.1222947540,1005803.0527534300,65.87302390423470,60.02805140749710,25.812859386130600,20.062433027128200,1,Yes
2017,CHI,18,Away,LAK,2.10604700520747,1.5114597679757500,76,13,5,2,20493641.84241500,35620173.69949580,17777688.88758330,8,5,3,0,2,534570.6326099110,893762.9063998160,68.84499037711440,58.28335891981840,25.949853399853400,26.070202497562200,1,Yes
2019,LAK,62,Home,NYR,2.0526745177140800,2.2404716076057100,70,13,7,2,25718435.104030100,32220262.589749700,17257865.760899600,8,2,4,1,0,1845119.8248616200,682833.8181205390,47.402422620021400,59.30656368962250,25.926961537611600,22.172148046929900,0,No
2020,NYR,37,Away,TOR,4.181969130023610,3.7227121684562100,91,10,5,3,49691741.52681050,28798409.02651170,5204925.282059140,5,1,2,5,2,816059.9976123590,1264635.600351310,53.50285805772580,42.64018082534360,34.51136495119900,29.45586690603170,0,No
2023,LAK,25,Away,NYR,3.462877656974890,2.4488104491879200,69,10,7,3,29766464.34864610,21045954.88538380,18435895.33272670,3,2,2,7,2,841300.815404695,1377891.3132647700,40.664033530884900,66.80603750495310,24.596520835850700,33.542549771478000,1,Yes
2019,TOR,48,Home,LAK,1.9563128496668200,1.8056771641980400,81,14,7,2,43920364.693150000,25649937.986710700,5434164.751150510,6,2,1,0,0,919402.1489676980,1039008.4857736800,59.22130674181670,51.67799190427150,20.018116704921800,37.49010590076150,0,No
2015,COL,65,Away,COL,2.820970255105050,2.5807017564012800,116,11,5,3,35404104.112921200,39193570.62084290,8594686.77436335,0,3,4,6,4,691112.1075431440,1213038.6015213000,52.41778174157770,49.401082192910700,34.30473706965270,34.984343301818000,1,Yes
2018,TOR,53,Away,LAK,3.345894075209410,2.311179859153580,76,11,6,2,54192231.15197050,31444134.581815,5485837.066639930,3,1,2,6,6,1458894.3247720400,1045271.6860539,48.10175398304670,53.87084341743220,23.423694876702500,38.7717119155701,1,Yes
2019,BOS,79,Away,COL,1.7503922549681500,4.028135706481670,63,14,7,3,58096612.23986570,29109884.50847470,10037652.30558970,4,2,2,7,2,612714.4297663800,1461509.085981050,46.205113318498300,51.70198197242890,22.089647906156700,21.077965807875800,1,Yes
2019,TOR,73,Away,LAK,4.147249105222020,2.4400437527554300,107,14,5,3,55342589.13480760,38323915.638205700,12707997.885699100,7,4,5,6,0,701303.6394895250,1851888.811694850,59.62069232976280,65.90731009417440,24.750322411881200,20.243596708330800,1,Yes
2021,BOS,15,Home,TOR,3.9108106063246100,3.866797415328020,111,13,7,2,30824799.787743900,29662794.52593620,16949673.03522710,1,2,1,3,7,1467135.0898851400,745880.3930704170,52.48651093096940,67.87782925593680,27.59801044645410,33.22676227672430,0,No
2018,TOR,49,Away,CHI,3.015620320729920,4.175616434432200,106,14,6,3,27766514.76184330,28152062.960435100,10069723.257047500,4,4,3,0,4,1009490.9307221600,1072113.2148546900,45.38977867089740,49.10359649348820,29.518126549464000,25.787048204444900,1,Yes
2015,BOS,68,Away,TOR,4.4013798457775100,2.8014522587295900,84,12,5,3,38977395.7448294,33982771.37875510,15582350.37009680,5,1,2,2,6,1561921.7400517800,711302.905926292,60.67327244460470,65.91807422379860,20.891400814252600,25.07002032211550,0,No
2019,NYR,12,Away,NYR,2.753282937825300,4.229829431563180,118,11,5,2,20293366.03344720,32816640.47466360,7812566.856784710,4,5,0,0,2,1336137.117005210,1437415.655611750,56.95216849110080,63.445693885992000,39.41146665254720,26.617741753875900,1,Yes
2021,LAK,59,Home,TOR,4.452330957109490,2.6319541618895800,80,14,5,2,21032375.714527300,19829000.21021080,16258976.851161900,8,1,0,5,6,884031.7595922700,1593305.7642328900,65.76016164788490,67.92423017034290,34.32126106839120,25.395921157847300,1,Yes
2020,LAK,37,Away,BOS,3.5037599964108800,4.392235249470330,96,12,6,3,42131625.584920000,26782706.86435300,8539949.088638560,9,5,3,6,4,1476241.9257339900,1897869.0988961800,43.524276966294800,47.37250936557660,26.463881306486700,30.228728126031700,1,Yes
2019,CHI,61,Home,NYR,3.4040138197618200,1.7678685735767200,97,12,7,3,40817976.16661140,26812886.07048960,7153171.339156520,0,5,4,1,6,674410.520439321,918307.8893914470,63.56999805833370,57.30877450362940,26.373945145707900,28.80296894448270,1,Yes
2018,LAK,43,Home,LAK,1.997864685887360,3.561057799509730,108,12,5,3,59783279.5614104,24455612.88108360,7781132.755610810,2,1,1,6,3,1304615.5746200500,1925316.8087981500,60.20550360451780,48.23633754221330,28.97085098736920,30.248571027533100,0,No
2016,COL,70,Away,NYR,4.145783274913930,2.981442121370790,60,12,7,2,28073673.414550300,27932337.053806300,7730946.933227830,1,2,5,0,5,1155722.157567550,594894.0077310120,43.45032810484290,64.72283471453120,32.52489645526070,33.454272230008700,0,No
2018,TOR,39,Away,CHI,2.7824690637618500,2.662946416366940,84,13,7,3,30324157.16641870,25327684.943178600,12692943.190654900,2,0,0,3,3,901810.3742261610,1404520.7950468800,60.84462189615160,40.15972571713190,22.927461331779400,27.742610179423000,0,No
2017,CHI,56,Home,COL,1.9867002173474400,3.3981356362458000,110,12,6,3,24541625.69305150,19983637.236779600,17671963.71782220,9,2,0,4,4,1406007.49660925,585699.079014995,53.24641866639490,56.94457488659190,23.778596275299000,25.026153742843100,0,No
2015,COL,63,Away,LAK,1.5378225599272800,3.6115712749029900,95,13,5,3,56701720.38614980,25309162.181867000,6194076.154887580,8,2,3,0,2,1807000.3885104200,1840661.2816429200,68.3495435666753,50.17610293815750,37.18869165667100,23.32401073617490,1,Yes
2022,COL,46,Home,NYR,3.179267050915150,1.5130898089509300,76,13,7,2,51112449.77833800,16806923.689329400,15604344.77740130,8,3,4,0,0,1998357.049644620,1294713.5856050800,44.24834051853700,49.68051121233460,25.12509847778150,26.989482390652500,0,No
2019,BOS,11,Home,LAK,3.082198866368030,2.000859266241600,100,12,5,2,52893564.458273900,29394646.56936030,14815196.894792900,9,3,4,2,1,1411644.1531151400,1504022.5261441900,59.28500172447210,59.34718971594750,27.60389995950360,34.83612950492340,0,No
2018,LAK,62,Away,LAK,3.6580608671074800,3.639138151902960,83,11,5,2,56110551.51858040,36341363.7235278,18087799.277440400,1,2,3,3,0,1107058.8114937600,1747360.8888656800,51.459401363888400,65.54453347941980,37.42543701900230,35.13409820222940,1,Yes
2022,NYR,77,Away,LAK,4.170774159053410,3.4991562407346200,61,12,6,2,40995999.46903350,33132177.108863900,8662213.407603610,2,4,0,5,6,837810.6503243020,725465.9337259530,68.70444011772630,58.27586174179980,33.26295658799650,33.338107733684200,0,No
2021,NYR,25,Home,COL,1.7382197539290900,4.398142515386030,99,12,5,3,38047727.658028900,24009851.00135280,11751647.880275400,3,5,1,4,1,885644.1340926680,557887.3429072010,49.899246858708300,65.59518935940170,26.834237586833800,24.680563506137500,0,No
2016,CHI,71,Home,TOR,3.694489471021090,3.783113370752350,74,12,5,2,33215658.94662470,17176780.139432700,18887410.61665280,8,3,0,6,1,1219182.4672246500,1818321.7188692800,68.86557728475400,47.9379133564309,33.673990914492400,31.761724917094000,0,No
2015,NYR,52,Home,LAK,2.0622358322927500,4.3523181231940100,91,11,7,3,43568584.57391420,20053734.98063180,14899901.752029800,2,2,4,1,6,1050916.5519210600,972399.8411883990,67.04457553302250,55.585055642949400,20.393664307628300,31.41379323153700,0,No
2018,TOR,4,Home,BOS,4.074531159471490,3.607621504604420,98,10,6,3,38171135.8715929,28637258.512370900,10831526.192924000,6,0,5,0,6,1870721.7839374200,693468.3618907480,48.11149705931970,53.51609617201230,34.71285320022730,29.68532396219450,1,Yes
2022,NYR,59,Away,CHI,3.957190541584970,2.3941566259183300,118,10,5,3,38062623.464223000,20176427.08457580,6971185.742829030,2,4,0,5,2,1052443.2014835600,1202691.8556306300,64.10625330479280,40.349346985092900,29.74032081032480,30.999579727677300,1,Yes
2016,CHI,72,Away,COL,3.1223812649566300,1.8160947667525700,65,13,7,3,57477114.54924560,28599327.782124200,8937275.118508870,6,1,1,4,4,1060166.8867181500,1397459.1135440300,69.86812605410520,56.7043642942222,36.26364294568920,29.83581265247340,0,No
2017,NYR,20,Away,NYR,3.6307283958699300,3.8454715900348100,60,13,6,2,59361260.571165200,20789975.619097500,13718232.162340700,6,2,2,1,7,1075301.7686509700,546455.9051337650,47.57989006513850,59.845729724385200,39.09275304012940,31.309127321482200,1,Yes
2015,TOR,63,Away,COL,2.4430503395512500,3.4324476644277500,106,11,6,2,51859375.57318320,36223096.73690180,15772519.213407700,8,2,0,5,0,1754930.3155514900,912343.4873856320,53.10331507969960,57.7574321325721,38.515770989891400,34.310119092422600,0,No
2015,BOS,54,Away,NYR,2.913503696798440,1.6445580371798900,82,14,7,2,50270323.60987710,24931786.82101150,6866328.302778400,1,5,3,3,4,1476182.4812703500,549199.811415344,55.60542209700280,62.088396963502600,38.18530086910680,22.192563888068800,0,No
2017,CHI,74,Home,COL,3.964910693131420,2.580151397702940,117,10,7,2,47222326.471164100,21138765.648612300,13993958.90066080,5,4,2,3,3,1421253.275478340,1130503.0837932500,48.847934074115900,57.140185853592300,30.243399118677700,34.99251504298050,0,No
2019,BOS,57,Away,NYR,2.8777955915196400,4.370399446452860,98,13,7,2,26642994.09334060,35308154.50617650,13255269.182581300,8,3,3,4,2,1001214.5335757900,1842650.0435993700,40.457945189380900,42.002507645522700,27.20284228277880,22.717723002551900,1,Yes
2017,BOS,41,Away,LAK,2.5733947959763300,3.0012034371306000,116,10,7,3,22364232.835026200,23570974.12013630,12709331.70036060,1,3,3,6,2,1726856.265248660,1973978.6172403500,46.6038773259258,43.49336572254130,29.300706494613500,21.332559968207500,1,Yes
2015,BOS,3,Away,TOR,2.9826373417509000,2.798187408059110,76,11,7,2,47629052.60453050,17787192.195969500,15351846.76523010,1,3,3,7,7,557545.7920335520,1455571.3302554400,48.458106530252800,57.894237326318600,33.79792006626720,39.52159372442940,1,Yes
2015,COL,6,Away,NYR,3.984747757311660,2.873098815477880,93,11,5,2,49151448.890263000,29260237.28509100,17561743.92625190,4,1,0,1,3,1806195.7585071700,742456.5406768880,53.30799103954560,48.24937575920920,37.67995553742370,39.13983537740880,1,Yes
2022,LAK,5,Away,NYR,2.505624142112620,2.126648172015490,118,14,5,2,21878919.643925600,29539105.110949700,9844845.247653030,9,4,4,3,0,1269124.8496908900,1858774.0849989600,45.133074352402100,42.38935387104300,24.139726060002400,21.208730898811300,1,Yes
2016,COL,5,Home,BOS,2.0212847794072300,2.6061215125943900,100,14,6,2,57122070.009153900,32867391.880893400,18335182.85166440,9,4,2,7,5,1097375.3522951200,1274371.7348000900,66.19763070075020,52.8880823034564,38.36386316923410,28.865068829499200,1,Yes
2017,LAK,54,Home,NYR,3.6360420609923400,2.60943976796153,88,11,5,3,23645625.5777871,21005485.83020960,7409504.189278260,9,3,1,4,3,1245750.9210765300,730623.9681543770,61.147333981940100,56.62967794250970,36.30360463939780,23.724898765995500,0,No
2016,BOS,47,Home,BOS,3.9779346381242500,1.657065060562420,68,13,5,3,31436021.350848100,26094283.477306100,7595358.046267470,7,3,4,3,0,1501123.2958007500,1882590.004177490,42.55601432678990,49.862379650488200,39.57712030356470,29.70689794268840,1,Yes
2017,CHI,49,Away,CHI,1.8019124355706,3.802702885553760,72,10,5,3,46895592.511948200,22059197.976066400,9001580.954358860,8,5,0,3,1,519148.13977684600,1636203.5760846500,59.50277353419790,61.61301106677330,37.60503546563370,36.60354485999180,0,No
2021,LAK,9,Home,LAK,2.2196223382678300,2.749513295711640,65,12,7,3,26794903.776179100,17023843.402892200,6792963.043206170,1,0,3,5,6,1807327.7846873700,1597557.9090847300,59.60969429216860,59.31311824303730,25.598746593838100,39.012235494857800,0,No
2015,TOR,20,Home,BOS,1.9259159692829800,3.96653966044927,65,14,6,3,22216635.53768980,36915345.67539730,8454788.370243160,4,0,1,7,2,1170109.2879670900,1563771.055691610,68.68663520930880,49.98455083275020,22.119118226881000,32.685053069030700,1,Yes
2022,TOR,61,Away,TOR,2.5438242347465,4.051044003359690,79,12,6,2,33245859.56656600,33221745.11220850,6596176.443542670,6,2,2,5,0,1014449.7795501200,800509.7316446640,40.09062614068480,62.646175867256800,22.24482143983180,27.078113344236300,0,No
2016,NYR,35,Away,LAK,2.851052936716240,2.1359821640959700,111,13,6,3,50638862.994207200,22536576.486470000,17326286.254780900,5,2,4,3,4,707368.3484510860,816510.037561289,47.437973494174200,59.46085127599110,25.82446637156550,32.06651131289200,0,No
2017,LAK,50,Away,BOS,3.7464790108899200,3.472060446510390,112,14,6,3,36547147.15941040,29984324.82179970,7084534.878299370,5,4,5,7,7,1159198.0615376600,1532439.4976408800,67.83374438125950,59.123361361537100,32.28367447969080,26.240026122169000,0,No
2023,CHI,82,Home,LAK,3.4534427546450200,2.916845412488950,62,12,5,3,46118916.876317600,20031594.70336180,16209463.363397900,6,4,4,2,6,1244484.1569265700,829584.1251655950,67.96401746194850,56.60283102361200,36.08640652194350,38.196472816641200,1,Yes
2021,COL,62,Home,LAK,3.3627857024352900,4.140470213764460,76,13,5,2,43184763.88912550,37255915.54489430,5718708.018700010,2,1,1,7,4,1105470.0417402200,1158007.5452045700,61.61759258111910,40.34169004265660,37.985006139631300,37.40800926211670,1,Yes
2018,BOS,17,Away,LAK,2.557124839828960,2.1472220375293600,108,10,7,2,20888739.281023200,17872658.584047800,19227804.912708700,2,1,0,5,6,1517990.1407403500,1673002.738390910,62.9728996314262,60.89521550430670,32.47506768738470,31.16463500559320,0,No
2019,NYR,3,Away,CHI,4.0243426592542800,3.5334396009301300,71,13,6,3,59541599.481828300,15095928.637695000,15667401.312916500,9,0,2,1,2,1131344.793138840,1675928.7771467600,42.74448873788940,51.281253733274700,20.112626254961100,26.49597830760720,1,Yes
2016,TOR,32,Home,TOR,2.913861502194490,3.3232563667581700,107,14,5,2,21657123.55277550,27550204.943479600,5101948.228791680,8,2,1,4,3,1942126.36676986,1179892.6587887900,55.41627504334700,68.27829130475970,23.72633553037070,25.867793511659600,0,No
2022,COL,13,Home,COL,4.437314814045460,2.385904432715500,106,11,5,2,58712109.5059394,29578195.586321700,16457847.50300320,7,0,3,4,5,1398916.2767353900,1688284.9074128700,46.94748973867000,64.53954313231620,21.99452407706740,20.66835989410120,1,Yes
2018,COL,73,Away,COL,3.4024264148872100,1.9098027109535200,104,10,7,3,41994567.134575900,29474133.00739510,12711228.81149280,4,0,2,6,3,1711216.9034778600,1757932.694297090,45.436541308408500,57.63083408593940,27.2664895113802,36.3164170205059,0,No
2023,BOS,68,Away,BOS,1.8787942246935100,3.4549192814318300,114,12,7,2,58526361.08260270,16362798.185945700,16690477.555026800,5,2,4,1,0,664033.8546642180,1482163.6269263900,64.30909897370000,47.56545945457810,30.02701987267490,29.00766426078020,0,No
2019,LAK,14,Home,LAK,3.528532686226300,3.715792374396990,60,14,7,2,24590143.976553400,22851095.17296080,12837452.133358800,9,1,1,1,7,1095936.9394188600,842638.7784626300,44.05114410041640,46.111521798330000,20.867943571571200,26.502658568005300,1,Yes
2023,TOR,11,Away,BOS,2.475312046295100,2.44688203129005,76,11,5,2,39616340.76742050,27479973.671033300,14615372.86453030,0,5,4,1,3,1005271.552170730,911017.6705783210,54.059549109891600,50.21154513032650,26.969559515913100,29.422207099955100,1,Yes
2018,CHI,56,Home,CHI,3.558981590058290,3.434497812066940,62,13,5,3,26780163.674642300,20414479.64068100,16794974.830925600,9,5,4,6,2,1354223.5822048900,972261.7331131030,68.157347187581,54.297038307400600,23.583593492506500,36.37475980909300,1,Yes
2019,COL,67,Home,CHI,1.7089234444872200,2.68539272283451,85,11,7,3,22038995.080897700,36815647.13714740,11076620.81881790,0,5,4,1,7,1791670.2800921400,675206.161600928,45.57496166696030,48.881965301168400,32.941403325177500,22.492284154150400,1,Yes
2023,BOS,29,Home,NYR,2.024644311527880,3.639620649847850,74,14,6,3,44701164.60249250,17177732.23653590,5040622.247306780,3,2,0,0,0,617507.32664301,909739.4305549180,69.33980271214700,55.44788486177450,29.2854473864868,37.153119764836500,1,Yes
2022,CHI,9,Home,CHI,4.067211776717360,2.0976458246821600,95,14,7,2,28311336.838467700,27184611.041801100,17749197.439177800,1,3,4,6,1,608862.1970670660,814278.8364687980,69.82863957283180,44.961112765395600,29.906352938678200,37.95017670216710,0,No
2017,LAK,67,Away,NYR,2.1815386710705400,4.170645007908520,91,11,7,3,43507880.73150180,32285401.4378288,10713355.43936990,6,3,3,4,3,1775476.5622364000,1182993.1247129000,56.66851464047210,69.331384384765,28.553835760669200,38.934158300677800,0,No
2015,TOR,25,Away,TOR,4.01112337572882,2.362228789396740,91,13,7,2,24494579.277959400,21543777.50336210,12440640.890248700,1,3,3,0,3,819275.1290575360,1862656.3218084000,45.10428220531470,43.23773664894980,39.12039420973130,27.949759848452600,0,No
2017,LAK,76,Home,BOS,2.3378282653632300,2.6033579632684600,63,11,7,2,33279458.857308100,30606018.424938000,5116499.632309530,9,4,2,6,5,1503129.8816747200,656720.4751309370,49.48314663822690,67.95832418963120,24.294702502431300,24.342808080753400,1,Yes
2018,COL,42,Home,TOR,3.428645730176120,1.6742758562410500,77,14,5,2,51265302.32212990,35734628.753559400,12381380.15525150,1,1,5,3,0,1314317.1985412100,1580401.8859210900,52.734784980296100,67.40734034208080,30.333285196877500,27.47281636933400,1,Yes
2016,CHI,9,Home,CHI,3.582451720529490,1.8345366369638300,108,14,6,3,37482060.873687500,19758424.377376200,19797311.023575900,4,1,4,3,4,1749340.3923308400,1530924.5066196900,49.27972673074670,55.76081445458490,34.720347367306700,26.658241924628100,0,No
2015,CHI,79,Home,TOR,3.037964259435160,3.0475857081369800,78,12,7,3,45109816.59589350,37930514.795621600,9174014.912281550,3,4,4,4,3,687633.3647546050,643631.2979950370,48.419067396295500,61.74730815508250,31.13688826269130,23.5230782500572,0,No
2021,CHI,40,Home,TOR,2.415932030090190,2.3027780301839100,102,12,6,3,45898317.62982180,28838963.31655900,10931274.053635700,7,0,1,3,2,694674.4485839170,1883858.6073587000,69.16689127649070,53.08144893917760,38.58041771433600,32.145333402029800,0,No
2022,COL,25,Away,TOR,2.1379331291132900,4.006440677226580,111,10,6,3,53750201.75949170,22480800.107526500,15307849.94703020,3,5,0,1,3,1335227.5404174600,1352708.3032352300,44.60094482247240,58.90103732627320,27.559367112825700,29.53248321017260,0,No
2021,COL,5,Away,CHI,1.5995680636872800,1.5440801659648600,94,14,6,2,32996911.77626570,25771456.884556800,17221905.01285490,5,3,5,6,5,1919567.9800375600,1045588.2817035300,61.99983726150590,50.21727812263360,29.27351611546360,37.31401984648010,1,Yes
2019,LAK,11,Away,LAK,2.411839203722170,2.6372821460158100,99,12,7,3,47491822.503300700,22804797.094659700,11260874.360091500,4,5,2,0,1,1122496.6375561300,1634807.87524296,40.01230868317530,49.03477059356340,21.77044630429460,20.642191609641200,0,No
2015,NYR,59,Away,TOR,3.459488371593850,2.512036640307280,73,11,5,2,58464632.28184660,33127778.998332900,9645033.056019390,1,3,5,1,5,990413.1503820420,886048.1876024510,57.885480082071300,57.34689358508540,32.17998222103860,32.877358551102500,1,Yes
2021,LAK,79,Home,NYR,4.314914455345450,1.5579828927528000,117,13,7,3,49209733.37431470,34907516.585378300,19067386.999776000,7,5,4,3,3,1410033.9847968300,1540264.7555694800,67.47829011862160,54.94389022551940,25.76423936896210,35.258977570231200,0,No
2021,TOR,38,Home,CHI,4.113613446789160,1.8731051970015300,92,11,6,3,39594819.06870980,35823434.80796650,15157174.500075000,1,0,1,5,7,1895672.9008175500,559566.8113583710,48.63802282279660,57.38609107449940,23.20618079031140,35.189731383766100,1,Yes
2023,BOS,72,Home,TOR,3.7981943296059100,2.740928024755910,73,13,6,3,45228697.77967720,39644206.23964350,6785319.567397120,8,5,0,7,4,1755391.7492669400,1759112.056413910,45.56577925773160,48.59981743861070,30.89062585809020,37.7214793419105,1,Yes
2017,CHI,5,Home,LAK,3.865342029759900,2.9785937533423400,93,12,5,2,49587315.91052430,34782107.31241710,6033918.172019730,8,5,2,0,6,1993225.4160998300,1172256.2705319800,59.55039384635280,51.008734954509900,30.646205267598200,34.58067485658990,1,Yes
2023,NYR,48,Home,CHI,3.4949547104279900,2.7128692417646100,114,10,7,2,44491030.6277549,30034601.767214100,12253247.761855500,2,2,5,1,3,533852.8748035660,1455039.3715369100,61.3780422189518,42.51693881886730,21.517432824481000,38.556201232953900,1,Yes
2015,BOS,18,Away,COL,2.280860572698010,3.0928130352362800,63,11,6,2,20667032.539593600,23480507.459794600,8301350.990709090,3,5,2,6,0,669287.2170691430,831856.7297100260,60.640915568559400,41.56829116816620,33.96430906988950,26.65313199641780,0,No
2015,NYR,70,Home,LAK,4.22158509211749,3.2853950247170400,83,11,5,2,27790939.907489000,28614886.217768700,8809771.300643800,7,2,4,4,3,1414201.645049930,1515610.568987670,49.57950640064120,47.60371389019050,32.47544381301710,30.064188335030900,0,No
2018,LAK,37,Away,NYR,3.512196935717500,1.529771463383510,118,11,6,2,52418728.68861860,16026704.319760100,18165382.682417700,8,1,2,1,4,1730864.6590007700,1658360.4138399100,47.566072064779900,42.227405779916400,23.780345654929900,20.281593265657800,0,No
2023,COL,60,Away,TOR,3.1813218929413200,2.8922854783605100,88,13,5,3,30906025.892499400,33620626.888247800,6343490.36474466,2,4,1,5,0,927866.5134601500,1209819.780326600,68.67756399886130,43.11324125904220,29.388697243080900,20.139151746065800,1,Yes
2020,CHI,48,Away,COL,1.8329684076404400,4.390497722662770,78,12,5,2,49262484.782445400,26148888.627302500,15730461.728433300,4,5,2,3,2,858816.6320513280,1426590.3860926900,67.69898524809790,64.38785216181810,34.4064583295712,24.8025324090304,0,No
2017,LAK,77,Away,COL,2.8411666314192800,3.0570968403886500,65,11,7,2,34884808.60966800,15500580.74330470,9067133.800708820,7,1,3,0,7,1680463.6990718000,1184488.885733600,53.71949829678460,41.16621091050070,30.58871481082550,22.016143942781700,0,No
2015,BOS,28,Home,CHI,2.881074813605780,3.5326268023768600,116,11,6,2,40875373.126317700,16562673.53776030,16404923.321062100,2,2,1,4,0,584572.7807798470,1841137.0538867700,65.38581598463120,59.768283818042300,27.909781523671400,25.204227358715100,0,No
2018,BOS,69,Away,COL,4.09369082856801,2.4355915737506500,92,10,7,2,22718931.992776100,24686661.595543900,15836170.766953200,6,5,5,0,5,1054073.9713738800,1246803.7707714800,53.56970432902890,48.17673246446200,26.446769161618900,23.540865890567900,1,Yes
2023,BOS,77,Away,NYR,3.1399446605633700,3.8219741344582900,108,10,6,3,27249022.441988400,29585537.975460900,5110878.521664400,7,5,0,4,1,1258713.8338884900,1762713.0635432300,52.73167054217530,66.14637042124380,32.20787733288110,20.570400496773000,1,Yes
2017,BOS,81,Away,NYR,2.641201646911230,3.818764445628350,99,12,7,2,58287878.54076940,26605098.723803200,12637031.193824000,9,0,0,7,5,1340523.0115254900,1702028.0874053700,44.70288842797880,54.54976853732500,38.78217396620480,38.18608292812100,1,Yes
2023,BOS,40,Home,BOS,4.430400985531980,3.063888142962420,78,12,6,3,55605522.13787660,30480107.932303900,7089792.235670700,2,1,4,6,6,1592922.7351891700,1115757.2320225300,52.792181694759200,49.16729377983480,33.43489680954970,20.16446262777780,0,No
2021,NYR,45,Home,NYR,1.832161779978950,4.428041469837640,112,14,7,3,46091004.43596200,27007356.469783900,17993405.458680200,1,3,4,0,0,1032268.5851459900,845126.7377862130,56.12250815799420,55.529168070683000,21.49491807272630,34.721642886741700,0,No
2018,LAK,62,Home,LAK,2.767645284935830,1.87665064428796,60,10,5,3,38385783.89542950,31542596.137033700,18073788.242936100,9,3,3,3,2,1419026.5170119100,1109123.1988396600,40.6751298228606,51.458740571358100,29.213699469642700,23.04295773839030,0,No
2017,CHI,58,Away,COL,1.6260740255142200,1.550842994668740,64,14,6,2,47030451.71580900,20478151.61677000,11275187.112406400,6,0,5,6,3,1378063.1341864300,1739326.0636628300,53.323390155262200,56.92903194009490,37.81648263021260,38.244592439992,1,Yes
2019,COL,67,Away,NYR,3.719712362300790,3.810474635271290,86,13,6,3,44744411.56375760,17821079.679590500,11665934.276766200,8,2,0,6,7,1321424.1509806200,841448.8037290890,63.44068655185600,43.43598604979040,21.889248516021700,37.85591879179770,0,No
2019,COL,56,Home,CHI,4.254229656597450,3.9214666120946500,75,14,5,2,42742090.22418450,29910848.865641500,9549244.091067910,0,3,0,7,0,1460724.9397133200,1286654.518786620,60.401381691228100,69.90971508437650,39.77751424275090,33.07802292738520,1,Yes
2017,LAK,40,Away,BOS,2.3401119886514700,1.8606216873617300,65,11,7,2,22367082.874541700,27117237.923407700,15749094.484400500,2,3,0,4,5,889173.7566021140,1709145.1219411200,59.054709665918100,52.766676330901500,38.98138787290840,33.444682996012100,1,Yes
2023,LAK,40,Home,COL,4.075025030397360,2.296748498875820,99,14,6,2,45312104.42646030,15671691.351123400,10379920.445396900,4,4,0,2,0,626973.1303769440,1030216.2126925700,67.28666285311610,50.44691919122110,21.565489614597500,20.10678283939380,1,Yes
2018,COL,77,Home,BOS,2.3766546913856900,1.5526570900998900,72,12,6,2,50756801.782846700,24512047.137325900,9016887.117839510,2,1,2,0,0,678907.5080596150,1463314.455504050,40.5409602947569,61.30629544948800,38.6682664089911,39.69743132227200,1,Yes
2019,COL,33,Away,COL,4.232310484931750,2.3799258323416900,107,13,7,2,59763266.18582300,17653139.637274900,11483465.892567600,0,2,5,0,0,836873.5739808520,868447.3610732220,56.71142758576700,50.916982194860000,27.262651805189200,37.55665207151630,0,No
2018,NYR,6,Away,CHI,3.761885710790350,3.8194256217560100,94,11,5,3,20443142.103772400,28283920.79381740,6372312.775811880,6,5,1,1,2,1250296.9032841800,663919.1680522400,63.620465452291200,64.99822915086270,36.89418334151730,37.90212451460180,0,No
2019,TOR,19,Away,BOS,3.914720330524320,3.053881583137740,78,14,7,3,49206938.13242710,24894441.991510800,16199048.069663100,6,1,1,4,7,1760664.1258190300,1691576.3376392800,56.24006148103800,53.62812173081280,28.36766675426540,33.18489074101740,1,Yes
2021,CHI,80,Away,TOR,1.5540196668013600,2.5442867795048600,71,13,7,2,42871572.63743920,30328797.77757550,5188946.019076810,9,2,3,5,4,1551940.0131325800,648452.9351130600,49.71686657741140,61.586752397963000,28.81710225405030,26.895738573090700,0,No
2023,BOS,40,Home,LAK,4.388431071222080,2.615217884718990,75,13,7,3,37362087.04323830,35140055.469256000,14667275.92280890,7,3,2,2,4,1683560.9063030700,907072.0926193770,44.08751695275930,43.22359649325660,32.684861819550900,37.87297298180960,1,Yes
2021,TOR,59,Home,LAK,3.68001297621097,1.5040608771464000,118,11,6,2,25102806.982854800,22491717.09603730,7742967.901323090,4,4,0,3,0,1026463.4358891400,1782664.13299616,66.62689215448570,65.38357556665340,35.48954838551970,25.830338563023800,0,No
2019,LAK,59,Home,COL,2.4142532861584,2.399401582695710,102,14,5,3,36363405.945395000,39052552.604125700,8486060.693216200,9,1,0,1,2,1106980.6124728300,1019703.9306180000,54.12287177162810,62.0715396033433,20.67578301896500,31.254230866844100,0,No
2021,COL,48,Home,TOR,3.988183994576540,3.4393762249137900,69,13,5,3,34175087.31944540,28390862.51468940,14534479.979600600,4,3,4,7,2,1090522.8289859200,1959568.0242712400,66.34345590957110,46.35150335385900,31.863119910542700,21.99461944687770,1,Yes
2019,TOR,41,Home,BOS,2.34456359524479,4.422583331449070,84,13,7,3,32113195.559149700,30457269.9688697,19894151.986743600,4,2,4,2,6,787809.7766067520,1969601.5021607900,57.57556367299510,44.3585802923736,23.73465988194740,38.439112602655,1,Yes
2017,CHI,13,Away,TOR,4.118261518698380,4.041182480951700,79,10,6,3,49235184.93288830,32016809.330643400,16665762.33608830,0,1,3,4,0,591824.9872153580,902414.030680335,60.22576349845000,49.48877046176870,26.918990357264100,22.815409155424300,1,Yes
2021,LAK,45,Home,TOR,1.8377411712358100,1.5707848939365900,90,13,7,3,48029020.85137060,31668288.246439700,8387594.4833508800,9,5,0,2,5,1386374.1392408400,561467.3333748360,64.1278346313535,69.28211758095710,26.95937332310430,24.497936114608100,1,Yes
2016,BOS,53,Home,BOS,3.611057932382390,4.195681814024520,63,10,6,2,43560803.639236500,27774268.576126600,7640371.325617010,4,1,3,7,5,1983825.0251308800,1557594.9263080700,59.77466633800400,47.70494723701180,29.381206804423100,31.1626831625643,0,No
2023,BOS,42,Home,CHI,3.122095429934730,3.8495952398958800,103,14,6,2,57546592.53173490,25719107.277867100,17993493.054015100,5,3,2,6,1,750244.5574253940,1176479.7539725200,51.94164522036810,53.683816268399,26.682728237523500,35.28186000425960,1,Yes
2015,CHI,63,Away,TOR,1.7896034105863200,3.841128370712940,82,14,6,3,33994175.36723420,16344549.104434400,11662759.218822600,0,1,1,0,7,570027.2298489110,651129.2659393640,55.40900151785950,40.90060677152010,22.147222369013400,32.38702611872600,0,No
2020,CHI,27,Away,TOR,2.225681484776520,2.8739872770107100,61,14,6,2,29752077.508407200,15552146.132529500,7055792.042422330,6,5,0,6,0,1669297.5227359000,1561284.2284670600,64.0913657402764,51.91682588698700,22.91257477050900,24.642678256003100,1,Yes
2021,COL,38,Away,CHI,1.5372121088319400,2.6940158788635100,115,12,5,3,46236132.52393600,23949029.863319100,17933171.34982910,0,4,5,0,1,878879.0100270860,546762.3636678820,51.20950889118950,57.13960046299310,20.668759711222000,20.018860850549800,0,No
2022,BOS,60,Away,TOR,2.9063038963935200,2.408747186499580,81,14,6,2,27952562.43749610,23341522.265842300,17241385.29371390,1,4,2,1,5,1744465.7080293900,1805295.0357383600,51.64364370305490,68.59373837523900,29.404981706575100,35.14301160614880,1,Yes
2023,LAK,7,Home,TOR,2.4037957822800000,1.6970845768631000,110,13,6,3,32600420.287337000,24692378.87097520,19758595.458457500,1,3,0,7,5,1555905.000551770,707978.7936699560,42.87070348174000,55.50208134820190,39.08895389705980,39.704146518221900,0,No
2016,TOR,5,Home,TOR,3.2950724528932800,2.1847060904811000,116,11,7,3,28984097.602995400,18459205.02220480,18646155.30069030,4,2,5,4,0,1918510.3055762100,690967.8181200880,67.43753305665240,64.57321978533060,22.313504472962300,36.198262406121800,0,No
2016,LAK,45,Away,LAK,2.3917134231258500,2.2398109049340700,96,10,7,3,22766142.708740000,33454206.763421100,17776855.079908100,9,3,4,4,1,1113390.853635010,763508.4469528770,42.73108944836330,56.413829277067000,38.92528986006160,29.204132363132300,0,No
2019,NYR,58,Away,NYR,2.399757334520950,2.9522312091306000,67,12,5,2,53099949.66542690,36424110.36940600,5788615.967165050,6,4,3,2,1,1492954.7591759500,1940399.5377381,59.446275323456700,41.223550403065500,34.66723029464190,38.07534522798210,1,Yes
2019,NYR,31,Home,CHI,3.72957959619481,3.742333219790080,66,14,7,2,30181621.71686650,38467865.88435090,6566230.54247177,0,0,4,1,0,1197282.171219910,1539754.040380770,52.39583436408390,49.45024825569320,32.749976058683300,28.196953462367,1,Yes
2020,CHI,23,Home,TOR,1.6444285079350600,2.9214294851938400,73,14,6,3,38921100.13372080,27309057.587990600,13534747.914561800,9,0,1,4,7,1445883.0459628200,1702057.303195460,52.16858170766330,57.2664852349331,32.905555106471300,30.49868168486940,1,Yes
2017,COL,42,Away,LAK,4.208684985575960,1.6735333483414800,115,11,7,3,21732610.930172500,32521642.478135700,12972188.694227300,0,1,4,5,6,1174398.359011610,1096452.4785991300,60.38655509718050,68.51781897793370,36.53455296792560,29.542595347913700,1,Yes
2022,NYR,10,Away,CHI,4.056791623173540,4.373369402964610,114,11,5,2,47973578.65010570,36388778.08589680,11869448.217343000,0,5,0,5,1,782948.3696361120,1004469.0912574300,42.01281197889640,65.773910792537,22.138397287596400,28.9524774533105,0,No
2015,BOS,32,Away,COL,3.5034140496792200,4.328172957282340,62,12,7,2,33222440.092251600,25457277.77733720,10951839.881218800,5,1,5,6,6,1261846.1240050700,851726.0101747550,57.81117348854300,46.85066842536540,30.095086471310800,35.50381538587810,0,No
2020,LAK,53,Away,COL,3.279664710322150,3.855568629445230,109,10,7,2,49789469.113168400,22735319.87176110,11468157.272964900,1,0,4,0,3,1292876.3021561600,1220972.0424686100,63.160953579170600,46.60329490057490,33.94182276521520,30.53537814538980,0,No
2018,LAK,30,Home,TOR,4.176907494418960,4.473983704692660,75,14,5,2,36496122.41871460,38418113.896337300,13539469.012021900,0,4,0,2,7,1715905.7723902400,1327743.1003012500,64.84638273659780,46.035189013417000,31.736408901471300,26.334342440504300,1,Yes
2015,CHI,39,Home,LAK,2.0559905385861400,3.133446998400790,114,12,5,2,27830224.256225000,27891913.776926800,5031147.764001220,5,1,1,3,5,1603281.0586903700,1447662.265479130,45.11591168181330,67.6749668890751,36.65558142046590,25.163163353169600,0,No
2021,TOR,31,Home,LAK,1.7369074865724900,4.388305050759620,78,13,6,3,40527003.29128140,27431347.164771900,8910631.611992780,1,3,5,7,4,1495687.435912170,885677.7559980420,66.9225715023452,65.57998459305160,21.44543418022700,20.754946339348700,0,No
2023,CHI,82,Away,CHI,2.2185305097286100,1.7268151218502500,110,13,7,2,25220182.385497600,19460402.414087400,12774195.810330700,5,5,4,0,7,670080.6433288590,1922981.1213544900,59.684382755423300,63.24650296758850,33.81402078998330,31.663903237660900,1,Yes
2018,TOR,2,Away,CHI,3.8837348361005700,2.597042244784110,77,12,6,3,37621566.39491980,17703875.36433390,15833241.480104700,9,3,3,1,6,1580924.4359955700,754637.7473107040,66.45564402462050,51.782053426726800,30.680554607694400,24.599228308020700,1,Yes
2018,CHI,78,Home,LAK,1.60401080017945,2.1761438040203000,111,14,7,3,32692219.09681950,36052671.56208780,7612350.385930950,7,5,3,4,6,1250457.734531770,1948479.7621496200,54.558421513305900,55.131421128963000,27.58321727959890,22.96267844032770,0,No
2020,CHI,77,Home,CHI,3.248420505250470,2.08749925240281,75,12,7,2,56478383.36798530,30353329.404688000,13203217.606811500,1,4,5,0,6,1841149.304159240,522284.1837612560,56.261000352916100,53.92995234385460,26.805499644680600,33.07659927655360,1,Yes